"redcap","age","floor_age","gender","condition","counterbalance","pass_attn1","pass_attn2","test","chose_song_1","rachel_false_belief","diana_false_belief","allie_false_belief","mean_fb","num_speakers","multiSSexperience"
"oc745",6,6,"F","AI",1,1,1,"wheels",0,1,1,1,1,"0",FALSE
"oc726",4.81,4,"F","AI",1,1,1,"spider",1,1,0,1,0.666666666666667,"0",FALSE
"od002",5.82,5,"M","Person",1,1,1,"spider",1,1,0,1,0.666666666666667,"2",TRUE
"oa019",7.32,7,"M","AI",1,1,1,"spider",1,1,1,1,1,"1",FALSE
"oa044",8.9,8,"F","AI",1,1,1,"spider",1,1,1,1,1,"0",FALSE
"oc619",4.07,4,"M","Person",1,1,1,"wheels",0,1,0,1,0.666666666666667,"2",TRUE
"oc682",5.07,5,"F","AI",1,1,1,"wheels",0,1,1,1,1,"1",FALSE
"oc702",4.94,4,"F","AI",1,1,1,"wheels",0,1,0,1,0.666666666666667,"2",TRUE
"od014",5.07,5,"F","Person",1,1,1,"spider",1,1,1,1,1,"0",FALSE
"ob141",5.11,5,"F","Person",1,1,1,"spider",1,1,1,1,1,"1",FALSE
"oc492",4.74,4,"M","Person",1,1,1,"spider",1,1,1,1,1,"1",FALSE
"oc852",4.09,4,"M","Person",1,1,1,"spider",1,1,1,1,1,"0",FALSE
"oc710",4.96,4,"M","Person",1,1,1,"wheels",0,1,0,0,0.333333333333333,"0",FALSE
"oc665",4,4,"M","AI",1,1,1,"spider",1,1,0,1,0.666666666666667,"0",FALSE
"ob164",8.51,8,"M","Person",1,1,1,"spider",1,1,1,1,1,"0",FALSE
"ob009",5.42,5,"F","AI",1,1,1,"spider",1,1,1,1,1,"0",FALSE
"ob091",7.84,7,"F","Person",1,1,1,"wheels",0,1,1,1,1,"3",TRUE
"ob010",7.82,7,"F","AI",1,1,1,"spider",1,1,1,1,1,"0",FALSE
"oc730",3.93,3,"F","AI",1,1,1,"wheels",0,0,0,0,0,"1",FALSE
"oc340",5.01,5,"F","AI",1,1,1,"spider",1,0,0,0,0,"2",TRUE
"oc800",5.01,5,"M","AI",1,1,1,"spider",1,0,1,0,0.333333333333333,"1",FALSE
"oc715",4.87,4,"M","AI",1,1,1,"spider",1,1,1,1,1,"1",FALSE
"ob189",7.79,7,"F","Person",1,1,1,"spider",1,1,1,1,1,"0",FALSE
"ob007",6.45,6,"F","Person",1,1,1,"spider",1,1,1,1,1,"5",TRUE
"ob491",5.55,5,"F","Person",1,1,1,"spider",1,1,1,1,1,"2",TRUE
"oc676",4.96,4,"M","Person",4,1,1,"wheels",1,1,1,1,1,"2",TRUE
"oc514",4.13,4,"F","Person",4,1,1,"spider",0,1,0,0,0.333333333333333,"0",FALSE
"od090",3.97,3,"M","Person",1,1,1,"spider",1,1,0,0,0.333333333333333,"5",TRUE
"ob029",6.48,6,"F","AI",4,1,1,"wheels",1,1,1,1,1,"2",TRUE
"oc640",5.98,5,"F","AI",4,1,1,"spider",0,0,0,1,0.333333333333333,"1",FALSE
"ob255",5.81,5,"M","Person",2,1,1,"wheels",1,1,1,1,1,"4",TRUE
"oc555",5.72,5,"M","AI",3,1,1,"spider",1,1,0,1,0.666666666666667,"0",FALSE
"oc311",5,5,"M","Person",3,1,1,"wheels",0,1,1,0,0.666666666666667,"0",FALSE
"od047",5.65,5,"M","Person",4,1,1,"wheels",1,1,1,1,1,"0",FALSE
"oc228",3.07,3,"prefer not to answer","AI",2,1,1,"spider",0,0,0,0,0,"0",FALSE
"ob191",6.41,6,"M","AI",2,1,1,"wheels",1,1,1,1,1,"2",TRUE
"ob203",5.82,5,"non-binary","AI",3,1,1,"wheels",0,1,1,1,1,"1",FALSE
"ob588",4.08,4,"F","Person",3,1,1,"wheels",0,0,0,0,0,"1",FALSE
"ob325",4.66,4,"F","AI",1,1,1,"spider",1,1,1,1,1,"0",FALSE
"ob115",5.91,5,"M","AI",2,1,1,"wheels",1,1,1,1,1,"1",FALSE
"ob171",6.33,6,"F","AI",1,1,1,"spider",1,1,1,1,1,"1",FALSE
"ob117",6.62,6,"M","AI",3,1,1,"spider",1,1,1,1,1,"3",TRUE
"ob276",7.08,7,"M","AI",2,1,1,"spider",0,1,1,1,1,"2",TRUE
"oa064",6.58,6,"F","Person",3,1,1,"spider",1,1,1,1,1,"3",TRUE
"oc412",4.92,4,"F","AI",2,1,1,"wheels",1,1,1,1,1,"0",FALSE
"ob212",6.89,6,"F","Person",2,1,1,"wheels",1,0,1,1,0.666666666666667,"1",FALSE
"oc296",6.09,6,"F","Person",4,1,1,"wheels",1,1,1,1,1,"0",FALSE
"oc431",8.09,8,"F","AI",4,1,1,"wheels",1,1,1,1,1,"7",TRUE
"oc698",3.85,3,"F","Person",4,1,1,"spider",0,1,1,0,0.666666666666667,"1",FALSE
"ob472",3.68,3,"F","AI",4,1,1,"spider",0,1,0,0,0.333333333333333,"2",TRUE
"oc853",4.85,4,"F","AI",2,1,1,"wheels",1,1,1,1,1,"2",TRUE
"oc690",6.35,6,"F","Person",4,1,1,"wheels",1,1,1,1,1,"3",TRUE
"oc494",6.93,6,"F","AI",2,1,1,"wheels",1,1,1,1,1,"1",FALSE
"ob163",6.77,6,"M","AI",3,1,1,"spider",1,1,0,1,0.666666666666667,"0",FALSE
"oc285",7.77,7,"F","Person",4,1,1,"wheels",1,1,1,1,1,"2",TRUE
"oc414",7.1,7,"F","AI",3,1,1,"spider",1,1,1,1,1,"0",FALSE
"oc436",4.1,4,"F","AI",3,1,1,"spider",1,1,0,1,0.666666666666667,"0",FALSE
"od008",7.52,7,"F","Person",2,1,1,"wheels",1,1,1,1,1,"0",FALSE
"ob302",6.04,6,"F","Person",3,1,1,"spider",1,1,1,1,1,"2",TRUE
"oc392",3.78,3,"F","AI",3,1,1,"spider",1,0,0,0,0,"3",TRUE
"oc375",4.28,4,"non-binary","Person",2,1,1,"spider",0,1,0,1,0.666666666666667,"0",FALSE
"oc736",4.44,4,"F","AI",3,1,1,"spider",1,1,0,0,0.333333333333333,"2",TRUE
"oc446",6.94,6,"M","Person",3,1,1,"spider",1,1,1,1,1,"0",FALSE
"od218",3.15,3,"F","AI",3,1,1,"wheels",0,0,0,0,0,"2",TRUE
"oc540",5.11,5,"M","Person",3,1,1,"spider",1,0,0,0,0,"1",FALSE
"oc486",7.61,7,"M","AI",2,1,1,"spider",0,1,1,1,1,"5",TRUE
"oc834",3.78,3,"F","Person",3,1,1,"spider",1,1,1,1,1,"2",TRUE
"oc667",8.36,8,"F","Person",2,1,1,"wheels",1,1,1,1,1,"2",TRUE
"oc739",4.87,4,"M","AI",4,1,1,"spider",0,0,0,0,0,"2",TRUE
"oc918",4.7,4,"F","Person",2,1,1,"wheels",1,1,0,0,0.333333333333333,"0",FALSE
"oc653",7.91,7,"F","AI",2,1,1,"wheels",1,1,1,1,1,"0",FALSE
"oc849",4.87,4,"M","AI",4,1,1,"wheels",1,0,0,1,0.333333333333333,"0",FALSE
"oc897",8.62,8,"F","AI",3,1,1,"wheels",0,1,1,1,1,"2",TRUE
"oc788",8.16,8,"M","Person",4,1,1,"wheels",1,1,1,1,1,"1",FALSE
"od255",5.73,5,"F","Person",4,1,1,"wheels",1,1,1,1,1,"2",TRUE
"oc899",4.31,4,"F","Person",2,1,1,"wheels",1,1,1,1,1,"0",FALSE
"oc827",4.13,4,"F","Person",2,1,1,"wheels",1,0,0,1,0.333333333333333,"2",TRUE
"ob703",7.63,7,"M","Person",1,1,1,"spider",1,1,1,1,1,"0",FALSE
"od231",8.8,8,"F","AI",3,1,1,"spider",1,1,1,1,1,"2",TRUE
"od232",5.55,5,"M","AI",3,1,1,"spider",1,1,1,1,1,"2",TRUE
"od235",8.16,8,"M","Person",3,1,1,"spider",1,1,1,1,1,"0",FALSE
"od238",3.04,3,"F","Person",2,1,1,"spider",0,0,1,0,0.333333333333333,"2",TRUE
"od249",7.11,7,"F","AI",4,1,1,"spider",0,1,1,1,1,"0",FALSE
"oc245",7.43,7,"M","Person",2,1,1,"wheels",1,1,0,0,0.333333333333333,"2",TRUE
"ob304",7.8,7,"F","AI",4,1,1,"wheels",1,1,1,1,1,"3",TRUE
"od239",8.76,8,"F","Person",1,1,1,"spider",1,1,1,1,1,"1",FALSE
"od241",3.37,3,"M","AI",2,1,1,"spider",0,0,1,0,0.333333333333333,"1",FALSE
"oc528",7.65,7,"M","Person",3,1,1,"spider",1,1,1,0,0.666666666666667,"3",TRUE
"oc625",8.67,8,"M","AI",2,1,1,"wheels",1,1,1,1,1,"1",FALSE
"ob401",8.57,8,"M","Person",3,1,1,"spider",1,1,1,1,1,"2",TRUE
"ob400",7.57,7,"M","Person",4,1,1,"wheels",1,1,1,1,1,"2",TRUE
"oc283",8.9,8,"F","AI",4,1,1,"wheels",1,1,1,1,1,"0",FALSE
"oc244",8.66,8,"F","Person",2,1,1,"spider",0,1,1,1,1,"0",FALSE
"oc284",8.66,8,"F","AI",3,1,1,"spider",1,1,1,1,1,"0",FALSE
"od275",7.58,7,"F","Person",4,1,1,"wheels",1,1,1,1,1,"0",FALSE
"oc875",7.73,7,"F","AI",3,1,1,"spider",1,1,1,1,1,"2",TRUE
"ob123",8.29,8,"M","AI",1,1,1,"spider",1,1,1,1,1,"0",FALSE
"oc554",8.38,8,"F","Person",2,1,1,"wheels",1,1,1,1,1,"0",FALSE
"od312",5.45,5,"M","Person",2,1,1,"wheels",1,1,1,1,1,"1",FALSE
"oc894",8.25,8,"M","AI",1,1,1,"spider",1,1,1,1,1,"5",TRUE
"od313",3.29,3,"F","Person",4,1,1,"spider",0,0,0,0,0,"1",FALSE
"oc301",7.09,7,"M","Person",3,1,1,"spider",1,1,1,1,1,"0",FALSE
"od299",7.35,7,"F","Person",3,1,1,"spider",1,1,1,1,1,"0",FALSE
"od320",7.09,7,"M","Person",3,1,1,"spider",1,1,1,1,1,"3",TRUE
"od164",8.94,8,"F","Person",4,1,1,"wheels",1,1,1,1,1,"5",TRUE
"oc888",7.86,7,"M","AI",3,1,1,"spider",1,1,1,1,1,"1",FALSE
"oc551",7.94,7,"F","Person",2,1,1,"wheels",1,1,1,1,1,"0",FALSE
"ob626",3.35,3,"M","Person",2,1,1,"spider",0,0,0,0,0,"0",FALSE
"ob257",6.53,6,"F","AI",1,1,1,"spider",1,1,1,1,1,"1",FALSE
"ob495",5.11,5,"F","AI",4,1,1,"wheels",1,1,1,1,1,"0",FALSE
"od208",5.43,5,"M","AI",2,1,1,"wheels",1,1,1,0,0.666666666666667,"1",FALSE
"oc816",3.83,3,"F","Person",1,1,1,"wheels",0,0,1,1,0.666666666666667,"2",TRUE
"ob782",6.71,6,"F","Person",4,1,1,"wheels",1,1,1,1,1,"1",FALSE
"od044",8.79,8,"F","AI",2,1,1,"spider",0,1,1,1,1,"2",TRUE
"od018",8.12,8,"F","AI",4,1,1,"wheels",1,1,1,1,1,"3",TRUE
"oc071",6.54,6,"M","AI",2,1,1,"wheels",1,1,1,1,1,"0",FALSE
"ob016",6.69,6,"F","AI",1,1,1,"spider",1,1,0,1,0.666666666666667,"2",TRUE
"od061",8.3,8,"F","Person",4,1,1,"wheels",1,1,1,1,1,"0",FALSE
"ob615",6.71,6,"F","Person",2,1,1,"wheels",1,1,1,1,1,"5",TRUE
"od004",3.73,3,"M","AI",4,1,1,"wheels",1,1,0,1,0.666666666666667,"1",FALSE
"ob033",6.89,6,"M","AI",3,1,1,"spider",1,1,1,1,1,"0",FALSE
"oc959",3.86,3,"M","Person",2,1,1,"wheels",1,0,1,0,0.333333333333333,"0",FALSE
"od174",3.2,3,"M","AI",3,1,1,"spider",1,0,1,1,0.666666666666667,"0",FALSE
"od261",3.35,3,"F","Person",3,1,1,"spider",1,0,0,0,0,"2",TRUE
"od161",3.62,3,"M","AI",2,1,1,"wheels",1,0,0,0,0,"3",TRUE
"ob476",3.54,3,"M","Person",1,1,1,"spider",1,0,0,0,0,"0",FALSE
"od383",3.05,3,"F","AI",4,1,1,"spider",0,0,1,0,0.333333333333333,"2",TRUE
"ob420",3.39,3,"F","AI",4,1,1,"spider",0,0,0,1,0.333333333333333,"2",TRUE
"ob209",7.12,7,"F","AI",4,1,1,"wheels",1,1,1,1,1,"0",FALSE
"od392",3.5,3,"M","AI",3,1,1,"spider",1,1,1,0,0.666666666666667,"1",FALSE
"od394",3.59,3,"F","Person",3,1,1,"spider",1,1,0,0,0.333333333333333,"0",FALSE
