"child_id","child_gender","child_age_rounded","age_days","age","condition","counterbalance","attn1","attn2","test","attn3","rachel_false_belief","diana_false_belief","allie_false_belief","mean_fb","num_speakers","coding_experience","smartphone_frequency","smart_speaker_frequency","voice_assistant_frequency","pass_attn1","pass_attn2","pass_attn3","pass_all_attn","chose_song_1","age_months","floor_age","va_daily","ss_daily","multiSSexperience"
"223QZT","f",1590,1594,4.36413415468857,"Person",1,"spider","wheels","spider",1,1,1,1,1,1,"no experience with coding","About once a day","Several times a day","About once a day",1,1,1,1,1,52.4049051517244,4,TRUE,TRUE,FALSE
"226DPJ","m",3870,3878,10.6173853524983,"AI",2,"wheels","spider","wheels",1,1,1,1,1,1,"no experience with coding","Several times a day",NA,"About once a day",1,1,1,1,1,127.494493211033,10,TRUE,NA,FALSE
"27NPYH","f",4890,4875,13.347022587269,"Person",3,"spider","wheels","spider",1,1,1,1,1,1,"no experience with coding","Several times a day",NA,"Several times a day",1,1,1,1,1,160.272216194891,13,TRUE,NA,FALSE
"2CKBJK","m",4050,4059,11.1129363449692,"Person",2,"wheels","spider","wheels",1,1,1,1,1,NA,NA,"About once a week","About once a day",NA,1,1,1,1,1,133.445112930269,11,NA,TRUE,NA
"RKKSJM","f",3030,2960,8.10403832991102,"Person",3,"spider","wheels","spider",1,1,1,1,1,2,"no experience with coding","About once a day","About once a week","About once a day",1,1,1,1,1,97.3140020383338,8,TRUE,FALSE,TRUE
"2cLdd2","f",3180,2960,8.10403832991102,"Person",3,"spider","wheels","spider",1,0,0,1,0.333333333333333,NA,NA,"About once a day",NA,"About once a day",1,1,1,1,1,97.3140020383338,8,TRUE,NA,NA
"2D2Pd2","f",5190,5202,14.2422997946612,"Person",1,"spider","wheels","spider",1,1,1,1,1,NA,NA,"Several times a day",NA,"About once a week",1,1,1,1,1,171.022783311964,14,FALSE,NA,NA
"2HPcJ3","m",4980,4984,13.6454483230664,"Person",3,"spider","wheels","spider",1,1,1,1,1,NA,NA,"Several times a day",NA,NA,1,1,1,1,1,163.855738567249,13,NA,NA,NA
"2MNUcZ","f",5460,5451,14.9240246406571,"AI",2,"wheels","spider","spider",1,1,1,1,1,6,"coding class at school","Several times a day","Several times a day","Several times a day",1,1,1,1,0,179.208994969918,14,TRUE,TRUE,TRUE
"2N2GAd","f",3060,3062,8.3832991101985,"AI",3,"spider","wheels","spider",1,1,1,1,1,1,"coding apps at home (e.g., Osmo, Scratch, Kodable)","About once a week","About once a week","About once a week",1,1,1,1,1,100.667389946412,8,FALSE,FALSE,FALSE
"2RT5YX","f",3750,3736,10.2286105407255,"Person",1,"spider","wheels","spider",1,1,1,1,1,5,"after school programs or camps related to coding","Several times a day","Several times a day","Several times a day",1,1,1,1,1,122.826051221356,10,TRUE,TRUE,TRUE
"2SXZZA",NA,NA,2385,6.52977412731006,"AI",1,"spider","wheels","wheels",1,0,0,0,0,3,"after school programs or camps related to coding","About once a week","Less than once a week","Never",1,1,1,1,0,78.4100996153467,6,FALSE,FALSE,TRUE
"2UMdLC","m",4170,4166,11.4058863791923,"Person",1,"spider","wheels","spider",1,1,1,1,1,1,"no experience with coding","About once a week","About once a day","About once a day",1,1,1,1,1,136.962882598547,11,TRUE,TRUE,FALSE
NA,NA,NA,4034,11.0444900752909,"Person",3,"spider","wheels","spider",1,1,1,1,1,0,"coding apps at home (e.g., Osmo, Scratch, Kodable)","About once a day","Less than once a week",NA,1,1,1,1,1,132.62320412927,11,NA,FALSE,FALSE
"2ZPdLJ","f",1500,1494,4.09034907597536,"Person",3,"spider","wheels","wheels",1,0,0,0,0,0,"no experience with coding","Several times a day","Never","Never",1,1,1,1,0,49.1172699477266,4,FALSE,FALSE,FALSE
"33NPWV","m",1380,1390,3.80561259411362,"Person",2,"wheels","spider","wheels",1,0,1,0,0.333333333333333,0,"no experience with coding","Never","Never","Never",1,1,1,1,1,45.6981293355689,3,FALSE,FALSE,FALSE
"347dJH","f",1800,1809,4.95277207392197,"AI",3,"spider","wheels","spider",1,0,0,0,0,0,"no experience with coding","Less than once a week","Never","Never",1,1,1,1,1,59.4733208403196,4,FALSE,FALSE,FALSE
"36TYFV","f",4830,4825,13.2101300479124,"AI",2,"wheels","spider","spider",1,1,1,1,1,2,"coding class at school","About once a day","About once a week","About once a week",1,1,1,1,0,158.628398592892,13,FALSE,FALSE,TRUE
"UNVGH4","f",3390,2909,7.96440793976728,"Person",2,"wheels","spider","wheels",1,1,1,1,1,NA,NA,"About once a day",NA,NA,1,1,1,1,1,95.637308084295,7,NA,NA,NA
"3ADQJK","m",1170,1164,3.18685831622177,"Person",3,"spider","wheels","spider",1,0,0,0,0,0,"no experience with coding","About once a day","Never","Never",1,1,1,1,1,38.268073774534,3,FALSE,FALSE,FALSE
"3BJL75","m",1320,1326,3.63039014373717,"AI",2,"wheels","spider","wheels",1,0,0,0,0,0,"no experience with coding","About once a week","Never","Never",1,1,1,1,1,43.5940428050104,3,FALSE,FALSE,FALSE
"3BMEHF","m",2130,2135,5.84531143052704,"Person",3,"spider","wheels","spider",1,0,0,0,0,3,"no experience with coding","Never","About once a week","Never",1,1,1,1,1,70.1910116053523,5,FALSE,FALSE,TRUE
NA,NA,NA,4866,13.3223819301848,"AI",3,"spider","wheels","spider",1,1,1,1,1,1,"coding class at school","Several times a day","Less than once a week",NA,1,1,1,1,1,159.976329026531,13,NA,FALSE,FALSE
"S7FVQH","m",2070,2462,6.74058863791923,"AI",4,"wheels","spider","wheels",1,1,1,1,1,NA,NA,NA,NA,NA,1,1,1,1,1,80.941578722425,6,NA,NA,NA
"3NJBME","m",3360,3351,9.17453798767967,"Person",4,"wheels","spider","wheels",1,1,1,1,1,NA,NA,"About once a day",NA,"Several times a day",1,1,1,1,1,110.168655685965,9,TRUE,NA,NA
"3STC7T","f",1500,1485,4.06570841889117,"Person",1,"spider","wheels","spider",1,0,0,0,0,2,"no experience with coding","About once a day","Never","Never",1,1,1,1,1,48.8213827793668,4,FALSE,FALSE,TRUE
"3XcSJ2","f",3810,3811,10.4339493497604,"AI",3,"spider","wheels","wheels",1,1,1,1,1,0,"no experience with coding","Less than once a week",NA,NA,1,1,1,1,0,125.291777624355,10,NA,NA,FALSE
NA,NA,NA,4876,13.3497604380561,"AI",4,"wheels","spider","spider",1,0,0,0,0,6,"coding class at school","Several times a day","About once a day",NA,1,1,1,1,0,160.305092546931,13,NA,TRUE,TRUE
"4BAHDN","m",3780,3765,10.3080082135524,"Person",3,"spider","wheels","spider",1,1,1,1,1,1,"after school programs or camps related to coding","About once a day","About once a day","About once a day",1,1,1,1,1,123.779465430516,10,TRUE,TRUE,FALSE
"4d2CPG","m",3000,3000,8.2135523613963,"AI",1,"spider","wheels","wheels",1,1,1,1,1,0,"coding class at school,after school programs or camps related to coding,coding apps at home (e.g., Osmo, Scratch, Kodable)","About once a day","Never","About once a day",1,1,1,1,0,98.6290561199329,8,TRUE,FALSE,FALSE
"4dR3DM","f",1530,1520,4.16153319644079,"Person",4,"wheels","spider","spider",1,0,0,0,0,1,"no experience with coding","About once a week","Several times a day","Several times a day",1,1,1,1,0,49.972055100766,4,TRUE,TRUE,FALSE
"4HBDTF","m",3840,3831,10.4887063655031,"Person",4,"wheels","spider","wheels",1,1,1,1,1,7,"coding apps at home (e.g., Osmo, Scratch, Kodable)","Several times a day","Several times a day",NA,1,1,1,1,1,125.949304665154,10,NA,TRUE,TRUE
NA,NA,NA,2816,7.709787816564,"Person",3,"spider","wheels","spider",1,1,1,1,1,0,"after school programs or camps related to coding","Several times a day",NA,NA,1,1,1,1,1,92.579807344577,7,NA,NA,FALSE
"4Lc7HB","m",1110,1098,3.00616016427105,"AI",1,"spider","wheels","spider",1,0,0,0,0,1,"no experience with coding","About once a week","About once a day","About once a day",1,1,1,1,1,36.0982345398955,3,TRUE,TRUE,FALSE
"4NJCTY","m",1590,1579,4.32306639288159,"Person",2,"wheels","spider","wheels",1,1,0,0,0.333333333333333,NA,"no experience with coding","About once a week","Several times a day","Several times a day",1,1,1,1,1,51.9117598711247,4,TRUE,TRUE,NA
"4P2QUV","m",1860,1868,5.11430527036276,"Person",4,"wheels","spider","wheels",1,1,1,1,1,0,"no experience with coding","About once a day","Never","Never",1,1,1,1,1,61.4130256106782,5,FALSE,FALSE,FALSE
"4QcY5E","f",2070,2058,5.63449691991786,"AI",4,"wheels","spider","wheels",1,1,0,0,0.333333333333333,0,"coding apps at home (e.g., Osmo, Scratch, Kodable)","About once a day","Never","About once a day",1,1,1,1,1,67.659532498274,5,TRUE,FALSE,FALSE
"4URBHK","f",5070,5072,13.886379192334,"AI",2,"wheels","spider","wheels",1,1,1,1,1,1,"coding class at school,coding apps at home (e.g., Osmo, Scratch, Kodable)","Several times a day","Less than once a week",NA,1,1,1,1,1,166.748857546767,13,NA,FALSE,FALSE
"4UTJ5C","f",4650,4646,12.7200547570157,"AI",2,"wheels","spider","spider",1,1,1,1,1,0,"after school programs or camps related to coding","Several times a day","Less than once a week","About once a week",1,1,1,1,0,152.743531577736,12,FALSE,FALSE,FALSE
"4VCRcA","f",2520,2535,6.94045174537988,"Person",2,"wheels","spider","wheels",1,1,1,0,0.666666666666667,2,"no experience with coding","Never","Never","Never",1,1,1,1,1,83.3415524213433,6,FALSE,FALSE,TRUE
"4VHdUK","m",5040,5030,13.7713894592745,"AI",4,"wheels","spider","wheels",1,1,1,1,1,0,"no experience with coding","Several times a day","Never","Never",1,1,1,1,1,165.368050761088,13,FALSE,FALSE,FALSE
"4XE3KX","f",3600,3592,9.83436002737851,"Person",3,"spider","wheels","spider",1,1,1,1,1,3,"after school programs or camps related to coding","About once a week","Several times a day","Several times a day",1,1,1,1,1,118.0918565276,9,TRUE,TRUE,TRUE
"543XTU","m",5280,5265,14.4147843942505,"AI",2,"wheels","spider","spider",1,1,1,1,1,3,"coding class at school","Several times a day","About once a day","About once a day",1,1,1,1,0,173.093993490482,14,TRUE,TRUE,TRUE
"5c3F4C",NA,NA,3514,9.6208076659822,"Person",1,"spider","wheels","spider",1,1,1,0,0.666666666666667,3,"coding apps at home (e.g., Osmo, Scratch, Kodable)","Several times a day","Several times a day","Several times a day",1,1,1,1,1,115.527501068481,9,TRUE,TRUE,TRUE
NA,NA,NA,4272,11.6960985626283,"Person",4,"wheels","spider","wheels",1,1,1,1,1,NA,NA,"Several times a day",NA,NA,1,1,1,1,1,140.447775914785,11,NA,NA,NA
"5c5BKL","m",2400,2414,6.60917180013689,"Person",4,"wheels","spider","wheels",1,0,0,0,0,0,"no experience with coding","Less than once a week",NA,NA,1,1,1,1,1,79.363513824506,6,NA,NA,FALSE
"5CETCY","m",5520,5505,15.0718685831622,"AI",2,"wheels","spider","spider",1,1,1,1,1,10,"no experience with coding","Several times a day","About once a day","About once a day",1,1,1,1,0,180.984317980077,15,TRUE,TRUE,TRUE
"5CZXYC","m",3240,3241,8.87337440109514,"AI",4,"wheels","spider","wheels",1,1,1,1,1,2,"no experience with coding","Less than once a week","About once a week",NA,1,1,1,1,1,106.552256961568,8,NA,FALSE,TRUE
NA,NA,NA,1630,4.46269678302532,"AI",4,"wheels","spider","spider",1,1,1,1,1,0,"no experience with coding","About once a day","Never",NA,1,1,1,1,0,53.5884538251636,4,NA,FALSE,FALSE
"5EPF77","f",2400,2415,6.61190965092402,"Person",1,"spider","wheels","spider",1,1,1,1,1,NA,"coding class at school","About once a week","Never","Never",1,1,1,1,1,79.396390176546,6,FALSE,FALSE,NA
"5Hd5XN","m",3930,3706,10.1464750171116,"Person",2,"wheels","spider","wheels",1,1,1,1,1,NA,"coding class at school",NA,NA,NA,1,1,1,1,1,121.839760660157,10,NA,NA,NA
"5HHGcY","m",2640,2631,7.20328542094456,"AI",4,"wheels","spider","spider",1,1,1,1,1,0,"coding class at school,after school programs or camps related to coding,coding apps at home (e.g., Osmo, Scratch, Kodable)","About once a day","Never","About once a week",1,1,1,1,0,86.4976822171812,7,FALSE,FALSE,FALSE
"5MGCBZ","m",4050,4056,11.1047227926078,"AI",2,"wheels","spider","wheels",1,1,1,1,1,1,"no experience with coding","About once a day",NA,"About once a day",1,1,1,1,1,133.346483874149,11,TRUE,NA,FALSE
"5Q24K5","f",1290,1283,3.51266255989049,"Person",2,"wheels","spider","wheels",1,0,0,1,0.333333333333333,0,"no experience with coding","About once a week","Never","Never",1,1,1,1,1,42.1803596672913,3,FALSE,FALSE,FALSE
"5TDN53","f",1350,1344,3.67967145790554,"AI",4,"wheels","spider","wheels",1,1,1,1,1,4,"no experience with coding","About once a week","About once a day","About once a week",1,1,1,1,1,44.18581714173,3,FALSE,TRUE,TRUE
"5WcVK4","f",5160,5161,14.1300479123888,"Person",3,"spider","wheels","spider",1,1,1,1,1,4,"after school programs or camps related to coding","Several times a day","Several times a day","Several times a day",1,1,1,1,1,169.674852878325,14,TRUE,TRUE,TRUE
"5WHcX5","m",3750,3749,10.2642026009582,"Person",2,"wheels","spider","wheels",1,1,1,1,1,NA,"no experience with coding","About once a day",NA,"About once a week",1,1,1,1,1,123.253443797876,10,FALSE,NA,NA
"6c4MZT","f",2850,2838,7.7700205338809,"Person",2,"wheels","spider","wheels",1,1,1,1,1,4,"no experience with coding","About once a day","About once a day","About once a day",1,1,1,1,1,93.3030870894566,7,TRUE,TRUE,TRUE
"6FL4TM","f",2550,2536,6.94318959616701,"AI",4,"wheels","spider","wheels",1,1,1,1,1,3,"no experience with coding","Several times a day","Several times a day","Several times a day",1,1,1,1,1,83.3744287733833,6,TRUE,TRUE,TRUE
"6LXAJD","f",4350,4342,11.8877481177276,"AI",2,"wheels","spider","wheels",1,1,1,1,1,0,"coding apps at home (e.g., Osmo, Scratch, Kodable)","About once a day","Less than once a week",NA,1,1,1,1,1,142.749120557583,11,NA,FALSE,FALSE
"6P4c2V",NA,NA,3540,9.69199178644764,"Person",2,"wheels","spider","wheels",1,1,1,1,1,2,"coding class at school","Several times a day","About once a day","About once a day",1,1,1,1,1,116.382286221521,9,TRUE,TRUE,TRUE
"6RDT55","f",4920,4924,13.4811772758385,"AI",3,"spider","wheels","wheels",1,1,1,1,1,3,"no experience with coding","Several times a day","Several times a day","Several times a day",1,1,1,1,0,161.88315744485,13,TRUE,TRUE,TRUE
"6RYcKQ","f",1260,1250,3.42231348391513,"AI",2,"wheels","spider","spider",1,1,1,0,0.666666666666667,0,"no experience with coding","Several times a day",NA,"Never",1,1,1,1,0,41.0954400499721,3,FALSE,NA,FALSE
"6S42XL",NA,NA,3479,9.52498288843258,"Person",2,"wheels","spider","wheels",1,1,1,1,1,4,"coding class at school","Several times a day","Several times a day","Several times a day",1,1,1,1,1,114.376828747082,9,TRUE,TRUE,TRUE
"6VN3FP","m",4980,4993,13.6700889801506,"AI",4,"wheels","spider","spider",1,0,0,1,0.333333333333333,0,"coding class at school","Several times a day",NA,NA,1,1,1,1,0,164.151625735608,13,NA,NA,FALSE
"6VQ5NV","f",3330,3335,9.13073237508556,"Person",4,"wheels","spider","wheels",1,1,1,1,1,3,"coding class at school","About once a week","Less than once a week","About once a week",1,1,1,1,1,109.642634053325,9,FALSE,FALSE,TRUE
"6WDXTc","m",2160,2157,5.90554414784394,"Person",2,"wheels","spider","wheels",1,1,1,1,1,2,NA,"About once a day","About once a day","About once a day",1,1,1,1,1,70.9142913502318,5,TRUE,TRUE,TRUE
"735EB3","f",5460,5248,14.3682409308693,"AI",1,"spider","wheels","wheels",1,0,1,1,0.666666666666667,1,"no experience with coding","Several times a day","About once a day","About once a day",1,1,1,1,0,172.535095505803,14,TRUE,TRUE,FALSE
"747d4U","f",2040,2033,5.56605065023956,"Person",1,"spider","wheels","spider",1,0,0,0,0,0,"no experience with coding","Less than once a week","Never","Never",1,1,1,1,1,66.8376236972746,5,FALSE,FALSE,FALSE
"75ZW26","m",1620,1615,4.42162902121834,"Person",4,"wheels","spider","wheels",1,0,0,0,0,NA,NA,"Several times a day",NA,"About once a week",1,1,1,1,1,53.0953085445639,4,FALSE,NA,NA
"775VNH","m",4890,4878,13.3552361396304,"Person",3,"spider","wheels","spider",1,1,1,1,1,0,"coding apps at home (e.g., Osmo, Scratch, Kodable)","About once a day","Never","Never",1,1,1,1,1,160.370845251011,13,FALSE,FALSE,FALSE
"77P6BR","f",3300,3293,9.01574264202601,"AI",1,"spider","wheels","spider",1,1,1,1,1,1,"no experience with coding","Less than once a week","About once a week","About once a week",1,1,1,1,1,108.261827267646,9,FALSE,FALSE,FALSE
"7DNGNA","m",5070,5075,13.8945927446954,"Person",4,"wheels","spider","wheels",1,1,1,1,1,0,"coding class at school","About once a day","Never","Never",1,1,1,1,1,166.847486602887,13,FALSE,FALSE,FALSE
"7EBDYc","f",3270,3278,8.97467488021903,"Person",2,"wheels","spider","wheels",1,1,1,1,1,0,"no experience with coding",NA,NA,NA,1,1,1,1,1,107.768681987047,8,NA,NA,FALSE
"7GdZTX","m",5460,5193,14.217659137577,"AI",4,"wheels","spider","wheels",1,1,1,1,1,NA,NA,"About once a day",NA,"About once a week",1,1,1,1,1,170.726896143604,14,FALSE,NA,NA
"7GKV4Y","m",5670,5662,15.501711156742,"AI",2,"wheels","spider","wheels",1,0,1,1,0.666666666666667,3,"coding class at school","Several times a day",NA,"About once a day",1,1,1,1,1,186.145905250353,15,TRUE,NA,TRUE
NA,NA,NA,2803,7.67419575633128,"Person",3,"spider","wheels","spider",1,1,1,1,1,NA,"no experience with coding","Several times a day","About once a day",NA,1,1,1,1,1,92.1524147680573,7,NA,TRUE,NA
NA,NA,NA,2988,8.18069815195072,"Person",3,"spider","wheels","spider",1,1,1,1,1,1,"no experience with coding","About once a day","Less than once a week",NA,1,1,1,1,1,98.2345398954532,8,NA,FALSE,FALSE
"7YdT45","f",2550,2551,6.98425735797399,"Person",3,"spider","wheels","spider",1,1,1,1,1,1,"no experience with coding","Several times a day",NA,NA,1,1,1,1,1,83.867574053983,6,NA,NA,FALSE
NA,NA,NA,1121,3.06913073237509,"Person",4,"wheels","spider","spider",1,1,0,0,0.333333333333333,5,"no experience with coding","Several times a day","About once a day",NA,1,1,1,1,0,36.8543906368149,3,NA,TRUE,TRUE
"ADcDUM","m",3330,3319,9.08692676249144,"AI",3,"spider","wheels","spider",1,1,1,1,1,2,"no experience with coding","Several times a day","Less than once a week","Never",1,1,1,1,1,109.116612420686,9,FALSE,FALSE,TRUE
NA,NA,NA,1215,3.3264887063655,"Person",3,"spider","wheels","spider",1,0,1,0,0.333333333333333,0,"no experience with coding","Less than once a week",NA,NA,1,1,1,1,1,39.9447677285728,3,NA,NA,FALSE
"AEVA5R","f",2610,2610,7.14579055441478,"AI",3,"spider","wheels","spider",1,0,0,0,0,2,"no experience with coding","About once a day","About once a week",NA,1,1,1,1,1,85.8072788243417,7,NA,FALSE,TRUE
"AF6JVZ","m",2490,2491,6.81998631074606,"AI",1,"spider","wheels","spider",1,1,1,1,1,0,"coding apps at home (e.g., Osmo, Scratch, Kodable)","Less than once a week","Never","Never",1,1,1,1,1,81.8949929315843,6,FALSE,FALSE,FALSE
"AHG2DK","m",5700,5710,15.6331279945243,"Person",4,"wheels","spider","wheels",1,1,1,1,1,2,"coding apps at home (e.g., Osmo, Scratch, Kodable)","About once a day","Several times a day","Several times a day",1,1,1,1,1,187.723970148272,15,TRUE,TRUE,TRUE
NA,NA,NA,3639,9.96303901437372,"AI",4,"wheels","spider","wheels",1,1,1,1,1,2,"no experience with coding","Several times a day","Less than once a week",NA,1,1,1,1,1,119.637045073479,9,NA,FALSE,TRUE
"ARMW2Y","m",3900,3900,10.6776180698152,"Person",1,"spider","wheels","spider",1,1,1,1,1,NA,NA,"Several times a day",NA,"About once a week",1,1,1,1,1,128.217772955913,10,FALSE,NA,NA
NA,NA,NA,2034,5.56878850102669,"AI",3,"spider","wheels","spider",1,0,0,0,0,2,"coding apps at home (e.g., Osmo, Scratch, Kodable)","Several times a day","Never",NA,1,1,1,1,1,66.8705000493145,5,NA,FALSE,TRUE
"AVEH25","f",5460,5078,13.9028062970568,"Person",1,"spider","wheels","spider",1,1,1,1,1,NA,NA,"About once a day","About once a day","About once a day",1,1,1,1,1,166.946115659006,13,TRUE,TRUE,NA
NA,NA,NA,5078,13.9028062970568,"AI",1,"spider","wheels","spider",1,1,1,1,1,1,"no experience with coding","Several times a day","Less than once a week",NA,1,1,1,1,1,166.946115659006,13,NA,FALSE,FALSE
"AZQZZJ","f",3480,3476,9.51676933607118,"Person",3,"spider","wheels","spider",1,1,1,1,1,0,"coding apps at home (e.g., Osmo, Scratch, Kodable)","About once a week","Never","Never",1,1,1,1,1,114.278199690962,9,FALSE,FALSE,FALSE
"B47FdD","m",3990,3977,10.8884325804244,"AI",2,"wheels","spider","wheels",1,1,1,1,1,1,"coding class at school","Several times a day","About once a day","Several times a day",1,1,1,1,1,130.749252062991,10,TRUE,TRUE,FALSE
"CPcQFY","f",4470,2523,6.90759753593429,"Person",2,"wheels","spider","wheels",1,1,1,1,1,1,"coding class at school","Several times a day","Several times a day","Several times a day",1,1,1,1,1,82.9470361968636,6,TRUE,TRUE,FALSE
"B7TKT6","f",5040,5042,13.8042436687201,"AI",2,"wheels","spider","wheels",1,1,1,1,1,NA,NA,"About once a week",NA,"About once a week",1,1,1,1,1,165.762566985567,13,FALSE,NA,NA
"BC76CA","m",3780,3776,10.3381245722108,"Person",2,"wheels","spider","wheels",1,1,1,1,1,0,"coding apps at home (e.g., Osmo, Scratch, Kodable)","About once a day","Never","Never",1,1,1,1,1,124.141105302956,10,FALSE,FALSE,FALSE
NA,NA,NA,3408,9.3305954825462,"Person",1,"spider","wheels","spider",1,0,0,1,0.333333333333333,0,"no experience with coding","Several times a day",NA,NA,1,1,1,1,1,112.042607752244,9,NA,NA,FALSE
NA,NA,NA,4059,11.1129363449692,"Person",1,"spider","wheels","spider",1,1,1,1,1,NA,NA,"Several times a day",NA,NA,1,1,1,1,1,133.445112930269,11,NA,NA,NA
"BJZGD2","f",3270,3256,8.91444216290212,"AI",4,"wheels","spider","wheels",1,1,1,1,1,NA,"no experience with coding","About once a day",NA,"Several times a day",1,1,1,1,1,107.045402242167,8,TRUE,NA,NA
"BLMEUH","f",1560,1548,4.23819301848049,"AI",2,"wheels","spider","wheels",1,1,1,1,1,NA,NA,"About once a day",NA,"Several times a day",1,1,1,1,1,50.8925929578854,4,TRUE,NA,NA
"BNXB5D","f",2640,2628,7.19507186858316,"AI",4,"wheels","spider","wheels",1,1,1,1,1,0,"no experience with coding","Several times a day",NA,NA,1,1,1,1,1,86.3990531610612,7,NA,NA,FALSE
"BVA42Y","f",1950,1954,5.34976043805613,"Person",4,"wheels","spider","wheels",1,0,0,0,0,1,"no experience with coding","About once a week","About once a week","About once a week",1,1,1,1,1,64.2403918861163,5,FALSE,FALSE,FALSE
"BVZU4W","m",4140,4140,11.3347022587269,"AI",1,"spider","wheels","spider",1,0,0,1,0.333333333333333,0,"no experience with coding","Several times a day",NA,NA,1,1,1,1,1,136.108097445507,11,NA,NA,FALSE
"BZVQUN","f",3840,3852,10.5462012320329,"AI",4,"wheels","spider","wheels",1,1,1,1,1,6,"coding class at school","About once a day","Several times a day","About once a day",1,1,1,1,1,126.639708057994,10,TRUE,TRUE,TRUE
NA,NA,NA,1199,3.28268309377139,"AI",1,"spider","wheels","wheels",1,0,0,0,0,0,"no experience with coding","About once a day",NA,NA,1,1,1,1,0,39.4187460959332,3,NA,NA,FALSE
"C2J3Kd","f",1350,1357,3.71526351813826,"AI",2,"wheels","spider","spider",1,0,0,0,0,0,"no experience with coding","About once a day","Never","Never",1,1,1,1,0,44.6132097182497,3,FALSE,FALSE,FALSE
"C2PTE3","f",1380,1372,3.75633127994524,"AI",4,"wheels","spider","wheels",1,0,0,0,0,NA,NA,"Several times a day",NA,"About once a day",1,1,1,1,1,45.1063549988493,3,TRUE,NA,NA
"c3dQ5P","m",3720,3713,10.1656399726215,"AI",1,"spider","wheels","spider",1,1,1,1,1,5,"after school programs or camps related to coding","Several times a day","Several times a day","Several times a day",1,1,1,1,1,122.069895124437,10,TRUE,TRUE,TRUE
"c53NTX","m",3870,3866,10.5845311430527,"Person",1,"spider","wheels","spider",1,1,1,1,1,5,"coding apps at home (e.g., Osmo, Scratch, Kodable)","About once a day","Several times a day","Several times a day",1,1,1,1,1,127.099976986554,10,TRUE,TRUE,TRUE
NA,NA,NA,4608,12.6160164271047,"Person",1,"spider","wheels","spider",1,0,1,1,0.666666666666667,NA,NA,"About once a day","Less than once a week",NA,1,1,1,1,1,151.494230200217,12,NA,FALSE,NA
NA,NA,NA,4608,12.6160164271047,"AI",3,"spider","wheels","spider",1,0,0,1,0.333333333333333,1,"no experience with coding","About once a week","Several times a day",NA,1,1,1,1,1,151.494230200217,12,NA,TRUE,FALSE
NA,NA,NA,2895,7.92607802874743,"AI",1,"spider","wheels","spider",1,1,1,1,1,1,"after school programs or camps related to coding,coding apps at home (e.g., Osmo, Scratch, Kodable)","About once a week",NA,NA,1,1,1,1,1,95.1770391557353,7,NA,NA,FALSE
"CAECUF","f",3870,3871,10.5982203969884,"AI",2,"wheels","spider","wheels",1,1,1,1,1,1,NA,"About once a day",NA,"About once a day",1,1,1,1,1,127.264358746753,10,TRUE,NA,FALSE
"CcXK5V","f",3630,3622,9.91649555099247,"Person",1,"spider","wheels","spider",1,1,1,1,1,4,"coding class at school,after school programs or camps related to coding","Several times a day","Several times a day","Several times a day",1,1,1,1,1,119.078147088799,9,TRUE,TRUE,TRUE
"cFCZPK","m",4950,4964,13.5906913073238,"Person",1,"spider","wheels","spider",1,1,1,1,1,0,"coding class at school,coding apps at home (e.g., Osmo, Scratch, Kodable)","Several times a day","Never","About once a day",1,1,1,1,1,163.198211526449,13,TRUE,FALSE,FALSE
"CFGJVV","f",1140,1134,3.1047227926078,"Person",4,"wheels","spider","wheels",1,0,0,1,0.333333333333333,2,"no experience with coding","Less than once a week","Several times a day","Several times a day",1,1,1,1,1,37.2817832133346,3,TRUE,TRUE,TRUE
"cFJCJK","f",2490,2499,6.84188911704312,"Person",3,"spider","wheels","spider",1,1,1,1,1,5,"coding class at school","About once a week","Several times a day","Several times a day",1,1,1,1,1,82.1580037479041,6,TRUE,TRUE,TRUE
"CFZAdK","m",1230,1232,3.37303216974675,"AI",4,"wheels","spider","spider",1,1,1,1,1,1,"no experience with coding","About once a week","About once a week","About once a week",1,1,1,1,0,40.5036657132525,3,FALSE,FALSE,FALSE
NA,NA,NA,4591,12.5694729637235,"Person",2,"wheels","spider","wheels",1,1,1,1,1,3,"coding class at school,coding apps at home (e.g., Osmo, Scratch, Kodable)","Several times a day","Less than once a week",NA,1,1,1,1,1,150.935332215537,12,NA,FALSE,TRUE
"cKNVRc","f",1770,1773,4.85420944558522,"AI",3,"spider","wheels","spider",1,1,1,1,1,3,"no experience with coding","About once a day","About once a week","About once a week",1,1,1,1,1,58.2897721668804,4,FALSE,FALSE,TRUE
"cMD6FQ","m",5220,4913,13.45106091718,"Person",1,"spider","wheels","spider",1,1,1,1,1,3,"coding class at school,after school programs or camps related to coding,coding apps at home (e.g., Osmo, Scratch, Kodable)","Several times a day","About once a day","Several times a day",1,1,1,1,1,161.52151757241,13,TRUE,TRUE,TRUE
"cMD6FQ","m",5220,4913,13.45106091718,"AI",2,"wheels","spider","wheels",1,1,1,1,1,1,"no experience with coding","Several times a day","Several times a day","Several times a day",1,1,1,1,1,161.52151757241,13,TRUE,TRUE,FALSE
"B5SScH","f",2520,4478,12.2600958247775,"Person",2,"wheels","spider","wheels",1,1,1,1,1,1,"coding class at school","Several times a day","Several times a day","Several times a day",1,1,1,1,1,147.22030443502,12,TRUE,TRUE,FALSE
"CQKHMP","f",4980,4993,13.6700889801506,"Person",2,"wheels","spider","wheels",1,1,1,1,1,3,"coding apps at home (e.g., Osmo, Scratch, Kodable)","Several times a day","About once a day","About once a day",1,1,1,1,1,164.151625735608,13,TRUE,TRUE,TRUE
"CR3XRZ",NA,NA,3757,10.2861054072553,"Person",4,"wheels","spider","wheels",1,1,0,0,0.333333333333333,3,NA,"Several times a day","Several times a day","Several times a day",1,1,1,1,1,123.516454614196,10,TRUE,TRUE,TRUE
"CRAcZd","f",5430,5424,14.8501026694045,"Person",4,"wheels","spider","wheels",1,1,1,1,1,1,"coding class at school,after school programs or camps related to coding,coding apps at home (e.g., Osmo, Scratch, Kodable)","Several times a day",NA,NA,1,1,1,1,1,178.321333464839,14,NA,NA,FALSE
"CT6TE2","f",2280,2281,6.24503764544832,"AI",3,"spider","wheels","spider",1,1,1,1,1,1,"no experience with coding","About once a day","Several times a day","Several times a day",1,1,1,1,1,74.990959003189,6,TRUE,TRUE,FALSE
"CTDG73","m",2490,2492,6.8227241615332,"AI",3,"spider","wheels","spider",1,0,0,0,0,0,"no experience with coding","Less than once a week","Never","Never",1,1,1,1,1,81.9278692836243,6,FALSE,FALSE,FALSE
"CTJFJ4","m",4950,4937,13.5167693360712,"Person",3,"spider","wheels","spider",1,1,1,1,1,2,"coding apps at home (e.g., Osmo, Scratch, Kodable)","Several times a day","Several times a day","Several times a day",1,1,1,1,1,162.31055002137,13,TRUE,TRUE,TRUE
NA,NA,NA,2875,7.87132101300479,"AI",4,"wheels","spider","wheels",1,1,1,1,1,3,"coding apps at home (e.g., Osmo, Scratch, Kodable)","About once a week","About once a day",NA,1,1,1,1,1,94.5195121149357,7,NA,TRUE,TRUE
"cX2D7c","f",4410,4420,12.1013004791239,"Person",1,"spider","wheels","spider",1,1,1,1,1,7,"coding apps at home (e.g., Osmo, Scratch, Kodable)","About once a day","Several times a day","Several times a day",1,1,1,1,1,145.313476016701,12,TRUE,TRUE,TRUE
NA,NA,NA,2735,7.4880219028063,"Person",4,"wheels","spider","wheels",1,1,1,1,1,5,"no experience with coding","About once a day","About once a day",NA,1,1,1,1,1,89.9168228293389,7,NA,TRUE,TRUE
NA,NA,NA,1881,5.14989733059548,"Person",2,"wheels","spider","wheels",1,1,1,1,1,0,"no experience with coding","About once a day","Less than once a week",NA,1,1,1,1,1,61.840418187198,5,NA,FALSE,FALSE
"CYHPFL","m",4950,4940,13.5249828884326,"AI",1,"spider","wheels","wheels",1,1,1,1,1,7,"coding class at school,after school programs or camps related to coding,coding apps at home (e.g., Osmo, Scratch, Kodable)","Several times a day","Several times a day","Several times a day",1,1,1,1,0,162.40917907749,13,TRUE,TRUE,TRUE
"cYHPQ5","m",4140,4152,11.3675564681725,"AI",3,"spider","wheels","wheels",1,1,1,1,1,1,"coding apps at home (e.g., Osmo, Scratch, Kodable)","About once a week","About once a day","About once a day",1,1,1,1,0,136.502613669987,11,TRUE,TRUE,FALSE
"cZVLcN","m",2970,2975,8.145106091718,"AI",2,"wheels","spider","wheels",1,1,1,1,1,0,"coding class at school,coding apps at home (e.g., Osmo, Scratch, Kodable)","About once a week","Never","Never",1,1,1,1,1,97.8071473189335,8,FALSE,FALSE,FALSE
"d2RNVQ","f",3090,3098,8.48186173853525,"AI",3,"spider","wheels","spider",1,1,1,1,1,NA,NA,"Several times a day",NA,"About once a day",1,1,1,1,1,101.850938619851,8,TRUE,NA,NA
NA,NA,NA,3075,8.41889117043121,"Person",2,"wheels","spider","wheels",1,1,1,1,1,0,"coding class at school","About once a week","Never",NA,1,1,1,1,1,101.094782522931,8,NA,FALSE,FALSE
"d44R4W","f",4110,4110,11.2525667351129,"AI",4,"wheels","spider","wheels",1,1,1,1,1,3,"coding apps at home (e.g., Osmo, Scratch, Kodable)","Several times a day",NA,"Several times a day",1,1,1,1,1,135.121806884308,11,TRUE,NA,TRUE
NA,NA,NA,1908,5.22381930184805,"Person",2,"wheels","spider","spider",1,1,1,1,1,2,"no experience with coding","About once a day","Less than once a week",NA,1,1,1,1,0,62.7280796922773,5,NA,FALSE,TRUE
"d6RFVM","m",4110,4109,11.2498288843258,"Person",3,"spider","wheels","spider",1,1,1,1,1,NA,NA,"Several times a day","Never","About once a week",1,1,1,1,1,135.088930532268,11,FALSE,FALSE,NA
"dADL67","f",1890,1893,5.18275154004107,"AI",4,"wheels","spider","wheels",1,1,1,1,1,0,"no experience with coding","About once a day",NA,"About once a day",1,1,1,1,1,62.2349344116777,5,TRUE,NA,FALSE
NA,NA,NA,4294,11.7563312799452,"AI",2,"wheels","spider","wheels",1,1,1,1,1,1,"no experience with coding","Several times a day",NA,NA,1,1,1,1,1,141.171055659664,11,NA,NA,FALSE
"DBFU24","f",4290,4277,11.709787816564,"Person",3,"spider","wheels","spider",1,0,0,1,0.333333333333333,2,"coding class at school","Several times a day","Never","Never",1,1,1,1,1,140.612157674984,11,FALSE,FALSE,TRUE
"dcddCF","f",1770,1777,4.86516084873374,"Person",1,"spider","wheels","wheels",1,1,1,1,1,NA,"no experience with coding","Never","About once a day","Never",1,1,1,1,0,58.4212775750403,4,FALSE,TRUE,NA
"Ddd42B","m",4590,4581,12.5420944558522,"AI",1,"spider","wheels","wheels",1,1,1,1,1,8,"coding class at school,coding apps at home (e.g., Osmo, Scratch, Kodable)","Several times a day","Several times a day","Several times a day",1,1,1,1,0,150.606568695138,12,TRUE,TRUE,TRUE
"Ddd43L","f",4500,4488,12.2874743326489,"Person",3,"spider","wheels","spider",1,1,1,1,1,0,"coding class at school","Several times a day",NA,"About once a day",1,1,1,1,1,147.54906795542,12,TRUE,NA,FALSE
"DEH3SW","f",1230,1225,3.35386721423682,"Person",2,"wheels","spider","wheels",1,0,0,1,0.333333333333333,2,"no experience with coding","About once a day","About once a day","About once a day",1,1,1,1,1,40.2735312489726,3,TRUE,TRUE,TRUE
NA,NA,NA,4442,12.1615331964408,"Person",2,"wheels","spider","wheels",1,1,1,1,1,0,"coding apps at home (e.g., Osmo, Scratch, Kodable)","Several times a day","Never",NA,1,1,1,1,1,146.036755761581,12,NA,FALSE,FALSE
"DGH6Ld","f",1440,1429,3.91238877481177,"Person",1,"spider","wheels","spider",1,0,1,0,0.333333333333333,NA,"no experience with coding","About once a week","Never","About once a week",1,1,1,1,1,46.980307065128,3,FALSE,FALSE,NA
"DHLRUE","m",4560,4563,12.4928131416838,"AI",2,"wheels","spider","wheels",1,1,1,1,1,0,"after school programs or camps related to coding,coding apps at home (e.g., Osmo, Scratch, Kodable)","Several times a day",NA,NA,1,1,1,1,1,150.014794358418,12,NA,NA,FALSE
"DHZ3NG","f",3600,3612,9.88911704312115,"Person",4,"wheels","spider","wheels",1,1,1,1,1,5,"no experience with coding","Several times a day","Several times a day","Several times a day",1,1,1,1,1,118.749383568399,9,TRUE,TRUE,TRUE
"DJKFNX","m",3600,3609,9.88090349075975,"AI",3,"spider","wheels","spider",1,1,1,1,1,0,"coding class at school,coding apps at home (e.g., Osmo, Scratch, Kodable)","About once a day","Never","About once a week",1,1,1,1,1,118.650754512279,9,FALSE,FALSE,FALSE
"dJPCR7","m",2610,2596,7.10746064339494,"AI",2,"wheels","spider","wheels",1,1,1,1,1,2,"no experience with coding","About once a day","Several times a day","Several times a day",1,1,1,1,1,85.347009895782,7,TRUE,TRUE,TRUE
"dJUH64","m",2610,2620,7.17316906228611,"AI",2,"wheels","spider","wheels",1,1,1,1,1,2,"coding apps at home (e.g., Osmo, Scratch, Kodable)","About once a day","About once a week","About once a day",1,1,1,1,1,86.1360423447414,7,TRUE,FALSE,TRUE
"dJZ5QE","f",2850,2836,7.76454483230664,"Person",2,"wheels","spider","spider",1,1,1,1,1,3,"no experience with coding","Never","About once a day","Never",1,1,1,1,0,93.2373343853766,7,FALSE,TRUE,TRUE
"DKUY4F","f",1290,1297,3.55099247091034,"AI",4,"wheels","spider","wheels",1,1,1,0,0.666666666666667,1,"no experience with coding","Less than once a week","About once a day","About once a day",1,1,1,1,1,42.640628595851,3,TRUE,TRUE,FALSE
"DMX5NS",NA,NA,2618,7.16769336071184,"Person",3,"spider","wheels","spider",1,1,1,1,1,3,"no experience with coding","Several times a day","About once a week","About once a week",1,1,1,1,1,86.0702896406615,7,FALSE,FALSE,TRUE
"dR3ZQW","m",3240,3234,8.85420944558522,"Person",3,"spider","wheels","spider",1,1,1,1,1,1,"no experience with coding","About once a day","About once a day","Never",1,1,1,1,1,106.322122497288,8,FALSE,TRUE,FALSE
"DTXJAD","m",2400,2410,6.59822039698836,"AI",2,"wheels","spider","wheels",1,0,0,1,0.333333333333333,1,"coding class at school","Several times a day","Never","About once a day",1,1,1,1,1,79.2320084163461,6,TRUE,FALSE,FALSE
"DUJVEL","m",3150,3157,8.64339493497604,"AI",3,"spider","wheels","spider",1,1,1,1,1,1,"coding class at school","Several times a day","About once a week","About once a week",1,1,1,1,1,103.790643390209,8,FALSE,FALSE,FALSE
"dVMXCc","f",1770,1758,4.81314168377823,"AI",2,"wheels","spider","spider",1,1,1,1,1,2,"no experience with coding","Never","Never","Never",1,1,1,1,0,57.7966268862807,4,FALSE,FALSE,TRUE
"dXAQG4","m",2760,2760,7.5564681724846,"Person",1,"spider","wheels","spider",1,1,1,1,1,3,"no experience with coding","About once a week","About once a week","About once a week",1,1,1,1,1,90.7387316303383,7,FALSE,FALSE,TRUE
"DY7SUJ","f",3870,3862,10.5735797399042,"AI",3,"spider","wheels","wheels",1,1,1,1,1,1,"coding class at school","About once a week","Never","Several times a day",1,1,1,1,0,126.968471578394,10,TRUE,FALSE,FALSE
NA,NA,NA,2354,6.44490075290897,"AI",2,"wheels","spider","wheels",1,1,0,1,0.666666666666667,1,"no experience with coding","Less than once a week","Less than once a week",NA,1,1,1,1,1,77.3909327021074,6,NA,FALSE,FALSE
"UDVQ7Y","m",3330,5522,15.1184120465435,"AI",1,"spider","wheels","spider",1,1,1,1,1,2,"no experience with coding","Several times a day","About once a week",NA,1,1,1,1,1,181.543215964757,15,NA,FALSE,TRUE
"E5VGcY","f",4320,4308,11.7946611909651,"Person",4,"wheels","spider","wheels",1,1,1,1,1,0,"coding class at school","Several times a day","Never","Several times a day",1,1,1,1,1,141.631324588224,11,TRUE,FALSE,FALSE
"EcQK3N","m",5130,5137,14.0643394934976,"AI",2,"wheels","spider","wheels",1,1,1,0,0.666666666666667,1,"no experience with coding","Several times a day","Several times a day","Several times a day",1,1,1,1,1,168.885820429365,14,TRUE,TRUE,FALSE
"ECZKcH","f",3090,3092,8.46543463381246,"Person",4,"wheels","spider","wheels",1,1,1,1,1,0,"coding class at school","Less than once a week","Never","Never",1,1,1,1,1,101.653680507611,8,FALSE,FALSE,FALSE
"EFdd5c",NA,NA,3448,9.44010951403149,"AI",4,"wheels","spider","wheels",1,1,1,1,1,3,"after school programs or camps related to coding","About once a day","About once a day","About once a day",1,1,1,1,1,113.357661833843,9,TRUE,TRUE,TRUE
"EFYJWW","f",2010,2024,5.54140999315537,"Person",1,"spider","wheels","spider",1,0,0,0,0,2,"no experience with coding","About once a week","About once a day","About once a day",1,1,1,1,1,66.5417365289148,5,TRUE,TRUE,TRUE
"EHPQXP","f",2670,2681,7.34017796030116,"AI",3,"spider","wheels","spider",1,0,0,0,0,3,"no experience with coding","About once a day","About once a day","About once a day",1,1,1,1,1,88.14149981918,7,TRUE,TRUE,TRUE
"EKACME","m",4740,4748,12.9993155373032,"Person",2,"wheels","spider","wheels",1,1,1,1,1,0,"coding class at school,after school programs or camps related to coding,coding apps at home (e.g., Osmo, Scratch, Kodable)","Never",NA,NA,1,1,1,1,1,156.096919485814,12,NA,NA,FALSE
"EM566H","m",3480,3486,9.54414784394251,"Person",3,"spider","wheels","spider",1,1,1,1,1,NA,NA,"Several times a day","About once a day","About once a day",1,1,1,1,1,114.606963211362,9,TRUE,TRUE,NA
"ERC7YR","f",3870,3875,10.6091718001369,"Person",1,"spider","wheels","spider",1,1,1,1,1,0,"no experience with coding","Less than once a week","Never","Never",1,1,1,1,1,127.395864154913,10,FALSE,FALSE,FALSE
NA,NA,NA,1332,3.64681724845996,"Person",2,"wheels","spider","wheels",1,1,1,0,0.666666666666667,NA,"no experience with coding","About once a week","Less than once a week",NA,1,1,1,1,1,43.7913009172502,3,NA,FALSE,NA
"F7J6RM","m",4770,4631,12.6789869952088,"Person",2,"wheels","spider","wheels",1,1,1,1,1,NA,NA,NA,NA,NA,1,1,1,1,1,152.250386297136,12,NA,NA,NA
"F7J6RM","m",4770,4631,12.6789869952088,"Person",1,"spider","wheels","spider",1,1,1,1,1,2,"coding class at school,after school programs or camps related to coding","Several times a day",NA,"About once a day",1,1,1,1,1,152.250386297136,12,TRUE,NA,TRUE
NA,NA,NA,5813,15.9151266255989,"Person",4,"wheels","spider","wheels",1,1,1,1,1,0,"coding apps at home (e.g., Osmo, Scratch, Kodable)","Several times a day",NA,NA,1,1,1,1,1,191.11023440839,15,NA,NA,FALSE
"Fc7UHG","m",3270,3259,8.92265571526352,"AI",1,"spider","wheels","spider",1,1,1,1,1,1,"coding class at school","Less than once a week","Less than once a week","Several times a day",1,1,1,1,1,107.144031298287,8,TRUE,FALSE,FALSE
"FEYCW6","m",4410,4408,12.0684462696783,"Person",1,"spider","wheels","spider",1,1,1,1,1,8,"coding class at school,after school programs or camps related to coding,coding apps at home (e.g., Osmo, Scratch, Kodable)","Several times a day","Several times a day","Several times a day",1,1,1,1,1,144.918959792221,12,TRUE,TRUE,TRUE
NA,NA,NA,1593,4.36139630390144,"Person",1,"spider","wheels","spider",1,1,1,1,1,NA,"no experience with coding","About once a day","Never",NA,1,1,1,1,1,52.3720287996844,4,NA,FALSE,NA
"FG5XVM","m",2550,2561,7.01163586584531,"AI",4,"wheels","spider","wheels",1,1,1,1,1,2,"no experience with coding","About once a day","About once a day","About once a day",1,1,1,1,1,84.1963375743827,7,TRUE,TRUE,TRUE
"FJZ4BR","m",4530,4532,12.4079397672827,"Person",4,"wheels","spider","wheels",1,1,1,1,1,6,"coding class at school","Several times a day","Several times a day","About once a day",1,1,1,1,1,148.995627445179,12,TRUE,TRUE,TRUE
"FQNNUZ","f",5130,5144,14.0835044490075,"AI",3,"spider","wheels","spider",1,1,1,1,1,4,"coding apps at home (e.g., Osmo, Scratch, Kodable)","Several times a day","Several times a day","Several times a day",1,1,1,1,1,169.115954893645,14,TRUE,TRUE,TRUE
NA,NA,NA,2796,7.65503080082136,"AI",1,"spider","wheels","spider",1,1,1,1,1,1,"coding class at school","Several times a day","About once a week",NA,1,1,1,1,1,91.9222803037775,7,NA,FALSE,FALSE
"FW72XL","f",3150,3143,8.6050650239562,"AI",4,"wheels","spider","wheels",1,1,1,1,1,1,"coding apps at home (e.g., Osmo, Scratch, Kodable)","About once a week",NA,"Several times a day",1,1,1,1,1,103.33037446165,8,TRUE,NA,FALSE
"FXKXTL","f",4290,4283,11.7262149212868,"AI",4,"wheels","spider","spider",1,1,1,1,1,1,"coding class at school,after school programs or camps related to coding,coding apps at home (e.g., Osmo, Scratch, Kodable)","Several times a day","Less than once a week","Several times a day",1,1,1,1,0,140.809415787224,11,TRUE,FALSE,FALSE
"G36QUX","m",3840,3838,10.507871321013,"AI",4,"wheels","spider","wheels",1,1,1,1,1,2,"coding apps at home (e.g., Osmo, Scratch, Kodable)","Several times a day","Several times a day","Several times a day",1,1,1,1,1,126.179439129434,10,TRUE,TRUE,TRUE
NA,NA,NA,4427,12.1204654346338,"Person",1,"spider","wheels","spider",1,1,1,1,1,0,"after school programs or camps related to coding","About once a week","Never",NA,1,1,1,1,1,145.543610480981,12,NA,FALSE,FALSE
"G5dAEK","m",4230,4233,11.5893223819302,"AI",3,"spider","wheels","spider",1,1,1,1,1,3,"coding class at school,after school programs or camps related to coding,coding apps at home (e.g., Osmo, Scratch, Kodable)","Several times a day","About once a week","About once a day",1,1,1,1,1,139.165598185225,11,TRUE,FALSE,TRUE
"G64NX2","f",3300,3299,9.0321697467488,"Person",1,"spider","wheels","spider",1,1,1,1,1,3,"no experience with coding","About once a week","About once a day","About once a day",1,1,1,1,1,108.459085379886,9,TRUE,TRUE,TRUE
"GE4NBT","m",5640,5628,15.4086242299795,"AI",3,"spider","wheels","wheels",1,1,1,1,1,NA,NA,"Several times a day","Never","About once a day",1,1,1,1,0,185.028109280994,15,TRUE,FALSE,NA
"GFRFTR","f",1920,1915,5.24298425735797,"Person",3,"spider","wheels","spider",1,1,1,1,1,0,"no experience with coding","Never","Less than once a week","Never",1,1,1,1,1,62.9582141565572,5,FALSE,FALSE,FALSE
"GLQULU","f",2640,2655,7.26899383983573,"Person",3,"spider","wheels","spider",1,1,1,1,1,NA,NA,"About once a day","Never","Never",1,1,1,1,1,87.2867146661406,7,FALSE,FALSE,NA
"GQYEcF","f",2340,2339,6.40383299110198,"Person",3,"spider","wheels","spider",1,1,1,1,1,NA,"no experience with coding","About once a day",NA,NA,1,1,1,1,1,76.8977874215077,6,NA,NA,NA
NA,NA,NA,1219,3.33744010951403,"Person",1,"spider","wheels","spider",1,0,0,1,0.333333333333333,3,"no experience with coding","Several times a day","Less than once a week",NA,1,1,1,1,1,40.0762731367327,3,NA,FALSE,TRUE
NA,NA,NA,1178,3.22518822724162,"AI",3,"spider","wheels","spider",1,0,0,1,0.333333333333333,3,"no experience with coding","Several times a day","Less than once a week",NA,1,1,1,1,1,38.7283427030937,3,NA,FALSE,TRUE
"GYU46J","f",4140,4148,11.356605065024,"AI",3,"spider","wheels","spider",1,1,1,1,1,NA,NA,"About once a day",NA,"About once a day",1,1,1,1,1,136.371108261827,11,TRUE,NA,NA
"H5HUVK","f",5520,5244,14.3572895277207,"AI",1,"spider","wheels","spider",1,1,1,1,1,NA,"no experience with coding","Several times a day","About once a week","About once a week",1,1,1,1,1,172.403590097643,14,FALSE,FALSE,NA
"H7RFHM","f",3030,3039,8.32032854209446,"Person",4,"wheels","spider","wheels",1,1,1,1,1,2,"no experience with coding","About once a day","Several times a day","About once a day",1,1,1,1,1,99.911233849492,8,TRUE,TRUE,TRUE
NA,NA,NA,3210,8.78850102669404,"AI",3,"spider","wheels","spider",1,1,1,1,1,4,"after school programs or camps related to coding,coding apps at home (e.g., Osmo, Scratch, Kodable)","About once a day","Less than once a week",NA,1,1,1,1,1,105.533090048328,8,NA,FALSE,TRUE
"HMdQVZ","m",3870,3859,10.5653661875428,"Person",4,"wheels","spider","wheels",1,1,1,0,0.666666666666667,0,"coding apps at home (e.g., Osmo, Scratch, Kodable)","Several times a day",NA,NA,1,1,1,1,1,126.869842522274,10,NA,NA,FALSE
"HX2GJ6",NA,NA,3542,9.6974674880219,"AI",3,"spider","wheels","spider",1,1,1,1,1,3,"after school programs or camps related to coding","About once a day","About once a day","About once a week",1,1,1,1,1,116.448038925601,9,FALSE,TRUE,TRUE
NA,NA,NA,1454,3.98083504449008,"AI",3,"spider","wheels","wheels",1,0,0,0,0,NA,NA,"Several times a day",NA,NA,1,1,1,1,0,47.8022158661275,3,NA,NA,NA
"J3RPUM","m",3930,3936,10.776180698152,"Person",4,"wheels","spider","wheels",1,1,1,1,1,3,"no experience with coding","Several times a day","Several times a day","Several times a day",1,1,1,1,1,129.401321629352,10,TRUE,TRUE,TRUE
"J6GS2X","m",5820,5636,15.4305270362765,"Person",4,"wheels","spider","wheels",1,1,1,1,1,5,"coding class at school,coding apps at home (e.g., Osmo, Scratch, Kodable)","Several times a day","Several times a day","Several times a day",1,1,1,1,1,185.291120097314,15,TRUE,TRUE,TRUE
"J6GS2X","m",5820,5636,15.4305270362765,"Person",4,"wheels","spider","wheels",1,1,1,1,1,5,"coding class at school,after school programs or camps related to coding,coding apps at home (e.g., Osmo, Scratch, Kodable)","Several times a day","Several times a day","Several times a day",1,1,1,1,1,185.291120097314,15,TRUE,TRUE,TRUE
"J7d7Ed","m",4560,4560,12.4845995893224,"Person",2,"wheels","spider","wheels",1,1,1,1,1,NA,NA,"Several times a day","Never","Several times a day",1,1,1,1,1,149.916165302298,12,TRUE,FALSE,NA
"JD34YF","m",4530,4541,12.4325804243669,"AI",3,"spider","wheels","spider",1,1,1,1,1,2,"coding class at school,after school programs or camps related to coding,coding apps at home (e.g., Osmo, Scratch, Kodable)","Several times a day","About once a week","About once a week",1,1,1,1,1,149.291514613538,12,FALSE,FALSE,TRUE
NA,NA,NA,3133,8.57768651608487,"AI",3,"spider","wheels","spider",1,1,1,1,1,0,"coding apps at home (e.g., Osmo, Scratch, Kodable)","About once a day","Less than once a week",NA,1,1,1,1,1,103.00161094125,8,NA,FALSE,FALSE
"JKQG2U","f",4740,4731,12.952772073922,"Person",3,"spider","wheels","spider",1,1,1,1,1,1,"coding class at school,after school programs or camps related to coding,coding apps at home (e.g., Osmo, Scratch, Kodable)","Several times a day","About once a week","About once a day",1,1,1,1,1,155.538021501134,12,TRUE,FALSE,FALSE
"K6FCZV","m",3540,3526,9.65366187542779,"AI",3,"spider","wheels","spider",1,1,1,1,1,1,"no experience with coding","Several times a day","About once a week","About once a day",1,1,1,1,1,115.922017292961,9,TRUE,FALSE,FALSE
"K73D3S","f",1860,1861,5.09514031485284,"Person",3,"spider","wheels","spider",1,1,0,0,0.333333333333333,6,"no experience with coding","Less than once a week","About once a day","Several times a day",1,1,1,1,1,61.1828911463984,5,TRUE,TRUE,TRUE
"K7GP2d","f",5340,5337,14.611909650924,"AI",2,"wheels","spider","wheels",1,1,1,1,1,1,"no experience with coding","About once a day",NA,"About once a week",1,1,1,1,1,175.461090837361,14,FALSE,NA,FALSE
"K7GP2d","f",5340,5337,14.611909650924,"AI",2,"wheels","spider","wheels",1,1,1,1,1,0,"no experience with coding","About once a day",NA,"Never",1,1,1,1,1,175.461090837361,14,FALSE,NA,FALSE
"K7R7CV","f",2550,2564,7.01984941820671,"AI",3,"spider","wheels","spider",1,1,0,0,0.333333333333333,2,"no experience with coding","About once a day",NA,"About once a week",1,1,1,1,1,84.2949666305027,7,FALSE,NA,TRUE
"K7YdLP","f",5640,5632,15.419575633128,"AI",1,"spider","wheels","spider",1,1,1,1,1,0,"coding class at school","Several times a day","Never","Never",1,1,1,1,1,185.159614689154,15,FALSE,FALSE,FALSE
"KBQDD5","m",2700,2703,7.40041067761807,"Person",3,"spider","wheels","spider",1,1,1,1,1,0,"no experience with coding","About once a day","Never","Never",1,1,1,1,1,88.8647795640596,7,FALSE,FALSE,FALSE
"Kc6RMY","m",3330,3342,9.14989733059548,"AI",4,"wheels","spider","wheels",1,1,1,1,1,0,"coding apps at home (e.g., Osmo, Scratch, Kodable)","About once a day","Never","Never",1,1,1,1,1,109.872768517605,9,FALSE,FALSE,FALSE
"KdTKRC","m",5730,5738,15.709787816564,"Person",1,"spider","wheels","spider",1,1,1,1,1,1,"coding class at school","Several times a day","Less than once a week","Several times a day",1,1,1,1,1,188.644508005392,15,TRUE,FALSE,FALSE
NA,NA,NA,3811,10.4339493497604,"Person",4,"wheels","spider","wheels",1,1,1,1,1,0,"no experience with coding","About once a week",NA,NA,1,1,1,1,1,125.291777624355,10,NA,NA,FALSE
"KE6McV","f",4020,4019,11.0034223134839,"AI",3,"spider","wheels","wheels",1,1,1,1,1,5,"no experience with coding","Several times a day","About once a day","About once a day",1,1,1,1,0,132.13005884867,11,TRUE,TRUE,TRUE
"KHRJM7","m",3810,3818,10.4531143052704,"AI",4,"wheels","spider","spider",1,1,1,1,1,4,"after school programs or camps related to coding","Several times a day","Several times a day","Several times a day",1,1,1,1,0,125.521912088635,10,TRUE,TRUE,TRUE
"KLdCX3","m",4260,4261,11.6659822039699,"Person",2,"wheels","spider","wheels",1,1,1,1,1,0,"after school programs or camps related to coding,coding apps at home (e.g., Osmo, Scratch, Kodable)","About once a week","Never","Never",1,1,1,1,1,140.086136042345,11,FALSE,FALSE,FALSE
"KMUTBA","f",2790,2795,7.65229295003422,"Person",1,"spider","wheels","wheels",1,1,1,1,1,0,"no experience with coding",NA,NA,NA,1,1,1,1,0,91.8894039517375,7,NA,NA,FALSE
NA,NA,NA,1879,5.14442162902122,"AI",4,"wheels","spider","wheels",1,1,1,1,1,0,"no experience with coding","About once a week","About once a week",NA,1,1,1,1,1,61.774665483118,5,NA,FALSE,FALSE
"KPRDT6","m",3480,3483,9.53593429158111,"Person",1,"spider","wheels","spider",1,1,1,1,1,0,"after school programs or camps related to coding,coding apps at home (e.g., Osmo, Scratch, Kodable)","Several times a day","Never","Never",1,1,1,1,1,114.508334155242,9,FALSE,FALSE,FALSE
"KRLDTE","m",4410,4334,11.8658453114305,"Person",4,"wheels","spider","wheels",1,1,1,1,1,0,"coding apps at home (e.g., Osmo, Scratch, Kodable)","About once a week",NA,NA,1,1,1,1,1,142.486109741263,11,NA,NA,FALSE
NA,NA,NA,4334,11.8658453114305,"AI",4,"wheels","spider","wheels",1,1,1,1,1,NA,"coding apps at home (e.g., Osmo, Scratch, Kodable)","About once a week","Never",NA,1,1,1,1,1,142.486109741263,11,NA,FALSE,NA
"KU6RG5","m",2460,2472,6.76796714579055,"Person",4,"wheels","spider","wheels",1,1,1,1,1,0,"coding apps at home (e.g., Osmo, Scratch, Kodable)","About once a day","Never","Never",1,1,1,1,1,81.2703422428247,6,FALSE,FALSE,FALSE
"KYNWJ7","f",3420,3410,9.33607118412047,"Person",1,"spider","wheels","spider",1,0,0,0,0,NA,NA,NA,NA,NA,1,1,1,1,1,112.108360456324,9,NA,NA,NA
"LA3QLT","f",4770,4773,13.0677618069815,"AI",1,"spider","wheels","wheels",1,1,1,1,1,4,"coding class at school,after school programs or camps related to coding","Several times a day","Several times a day","Several times a day",1,1,1,1,0,156.918828286813,13,TRUE,TRUE,TRUE
"LCDQES","f",1530,1518,4.15605749486653,"AI",4,"wheels","spider","wheels",1,1,1,1,1,0,"no experience with coding","About once a day","Less than once a week","Never",1,1,1,1,1,49.9063023966861,4,FALSE,FALSE,FALSE
"LKJRX3","f",2970,2959,8.10130047912389,"AI",3,"spider","wheels","spider",1,1,1,1,1,0,"coding class at school","Several times a day",NA,"About once a week",1,1,1,1,1,97.2811256862938,8,FALSE,NA,FALSE
"LKKFPd","f",2400,2390,6.54346338124572,"AI",1,"spider","wheels","spider",1,1,1,1,1,0,"no experience with coding","Several times a day",NA,"About once a day",1,1,1,1,1,78.5744813755466,6,TRUE,NA,FALSE
"LN6TPF","f",4350,4340,11.8822724161533,"Person",2,"wheels","spider","wheels",1,1,1,1,1,NA,NA,"Several times a day",NA,NA,1,1,1,1,1,142.683367853503,11,NA,NA,NA
"LRAUYL","f",2010,2024,5.54140999315537,"Person",3,"spider","wheels","spider",1,1,1,1,1,2,"no experience with coding","About once a week","About once a day","About once a day",1,1,1,1,1,66.5417365289148,5,TRUE,TRUE,TRUE
NA,NA,NA,5426,14.8555783709788,"Person",4,"wheels","spider","wheels",1,1,1,1,1,NA,NA,"Several times a day","Never",NA,1,1,1,1,1,178.387086168919,14,NA,FALSE,NA
"LUQK5d","f",1350,1350,3.69609856262834,"AI",1,"spider","wheels","wheels",1,1,0,0,0.333333333333333,0,"no experience with coding","About once a week",NA,NA,1,1,1,1,0,44.3830752539698,3,NA,NA,FALSE
"LXRCcF","f",1980,1993,5.45653661875428,"Person",3,"spider","wheels","wheels",1,0,0,0,0,1,"no experience with coding","Several times a day","Several times a day","Several times a day",1,1,1,1,0,65.5225696156754,5,TRUE,TRUE,FALSE
"LZWTJC","m",4140,4140,11.3347022587269,"AI",2,"wheels","spider","spider",1,1,1,1,1,1,"coding class at school,coding apps at home (e.g., Osmo, Scratch, Kodable)","Several times a day","About once a day","About once a day",1,1,1,1,0,136.108097445507,11,TRUE,TRUE,FALSE
"M2VDRX","f",3390,3390,9.28131416837782,"AI",2,"wheels","spider","wheels",1,1,1,1,1,0,"no experience with coding","About once a day",NA,NA,1,1,1,1,1,111.450833415524,9,NA,NA,FALSE
NA,NA,NA,4611,12.6242299794661,"AI",3,"spider","wheels","spider",1,1,1,1,1,1,"no experience with coding","Several times a day","Less than once a week",NA,1,1,1,1,1,151.592859256337,12,NA,FALSE,FALSE
"PU2VcV","o",4740,3160,8.65160848733744,"Person",3,"spider","wheels","spider",1,1,1,1,1,NA,NA,NA,NA,NA,1,1,1,1,1,103.889272446329,8,NA,NA,NA
"MBCA5E","f",2730,2739,7.49897330595483,"Person",2,"wheels","spider","wheels",1,0,1,1,0.666666666666667,3,"no experience with coding","About once a day","Several times a day","Several times a day",1,1,1,1,1,90.0483282374988,7,TRUE,TRUE,TRUE
"MBSYFS","m",1740,1739,4.76112251882272,"Person",3,"spider","wheels","spider",1,0,0,0,0,2,"no experience with coding","About once a day","About once a week","About once a week",1,1,1,1,1,57.1719761975211,4,FALSE,FALSE,TRUE
"MM7MHD","m",3090,2903,7.94798083504449,"Person",3,"spider","wheels","spider",1,1,1,1,1,0,"coding class at school","About once a week","Never","Never",1,1,1,1,1,95.4400499720551,7,FALSE,FALSE,FALSE
"MM7MHD","m",3090,2903,7.94798083504449,"AI",2,"wheels","spider","wheels",1,1,1,1,1,0,"no experience with coding",NA,NA,NA,1,1,1,1,1,95.4400499720551,7,NA,NA,FALSE
NA,NA,NA,5375,14.715947980835,"AI",1,"spider","wheels","wheels",1,1,1,1,1,0,"coding class at school","Never","Never",NA,1,1,1,1,0,176.71039221488,14,NA,FALSE,FALSE
"MQ5dCM","f",4260,4267,11.6824093086927,"AI",3,"spider","wheels","wheels",1,1,1,1,1,3,"coding class at school,coding apps at home (e.g., Osmo, Scratch, Kodable)","Several times a day","Several times a day","Several times a day",1,1,1,1,0,140.283394154585,11,TRUE,TRUE,TRUE
"MR5MAH","f",2700,2695,7.37850787132101,"AI",3,"spider","wheels","spider",1,1,1,1,1,0,"no experience with coding","About once a day",NA,"Never",1,1,1,1,1,88.6017687477397,7,FALSE,NA,FALSE
"N4N6Q2","m",1890,1886,5.16358658453114,"AI",1,"spider","wheels","spider",1,0,1,0,0.333333333333333,0,"no experience with coding","Several times a day",NA,NA,1,1,1,1,1,62.0047999473978,5,NA,NA,FALSE
"N54WCV","f",5760,5748,15.7371663244353,"Person",3,"spider","wheels","spider",1,1,1,1,1,0,"coding apps at home (e.g., Osmo, Scratch, Kodable)","Several times a day","Never","Never",1,1,1,1,1,188.973271525791,15,FALSE,FALSE,FALSE
NA,NA,NA,3651,9.9958932238193,"Person",4,"wheels","spider","wheels",1,1,1,1,1,1,"coding class at school","Less than once a week","Less than once a week",NA,1,1,1,1,1,120.031561297958,9,NA,FALSE,FALSE
"NBXP7N","m",3390,3390,9.28131416837782,"Person",4,"wheels","spider","wheels",1,1,1,1,1,1,"no experience with coding",NA,"About once a week",NA,1,1,1,1,1,111.450833415524,9,NA,FALSE,FALSE
"NcPKdR","m",4740,4751,13.0075290896646,"Person",4,"wheels","spider","wheels",1,1,1,1,1,1,"coding class at school,coding apps at home (e.g., Osmo, Scratch, Kodable)","About once a day","About once a week","About once a week",1,1,1,1,1,156.195548541934,13,FALSE,FALSE,FALSE
NA,NA,NA,1815,4.96919917864476,"Person",1,"spider","wheels","spider",1,1,1,1,1,1,"coding apps at home (e.g., Osmo, Scratch, Kodable)","About once a day","Never",NA,1,1,1,1,1,59.6705789525594,4,NA,FALSE,FALSE
"QDLBWP","f",4500,1850,5.06502395619439,"Person",4,"wheels","spider","wheels",1,1,1,1,1,NA,NA,"Less than once a week","Less than once a week",NA,1,1,1,1,1,60.8212512739586,5,NA,FALSE,NA
"NKAPDd","m",5520,5529,15.1375770020534,"Person",2,"wheels","spider","wheels",1,1,1,1,1,5,"coding class at school,after school programs or camps related to coding","Several times a day","Less than once a week","Never",1,1,1,1,1,181.773350429036,15,FALSE,FALSE,TRUE
"NMW7J7","f",1500,1487,4.07118412046543,"Person",1,"spider","wheels","spider",1,1,1,1,1,1,"coding apps at home (e.g., Osmo, Scratch, Kodable)","About once a week","About once a week","About once a week",1,1,1,1,1,48.8871354834468,4,FALSE,FALSE,FALSE
"NN3UDW","m",4440,4455,12.1971252566735,"AI",4,"wheels","spider","wheels",1,1,1,1,1,2,"coding class at school,after school programs or camps related to coding,coding apps at home (e.g., Osmo, Scratch, Kodable)","Several times a day","Several times a day","Several times a day",1,1,1,1,1,146.4641483381,12,TRUE,TRUE,TRUE
"NPVQNQ","m",1740,1753,4.79945242984257,"AI",4,"wheels","spider","wheels",1,0,0,0,0,1,"no experience with coding","About once a week","About once a week","About once a week",1,1,1,1,1,57.6322451260808,4,FALSE,FALSE,FALSE
"NSQ3X6","f",3420,3411,9.3388090349076,"AI",1,"spider","wheels","spider",1,1,1,1,1,0,"no experience with coding","About once a day",NA,NA,1,1,1,1,1,112.141236808364,9,NA,NA,FALSE
"NSYUD6","f",3930,3934,10.7707049965777,"Person",4,"wheels","spider","wheels",1,1,1,1,1,1,"coding apps at home (e.g., Osmo, Scratch, Kodable)","Several times a day","Several times a day","Several times a day",1,1,1,1,1,129.335568925272,10,TRUE,TRUE,FALSE
"NY2cZA","f",3510,3518,9.63175906913073,"AI",4,"wheels","spider","wheels",1,1,1,1,1,4,"coding apps at home (e.g., Osmo, Scratch, Kodable)","About once a day","About once a day","About once a week",1,1,1,1,1,115.659006476641,9,FALSE,TRUE,TRUE
"NZcKZR","m",2490,2476,6.77891854893908,"AI",4,"wheels","spider","wheels",1,1,1,1,1,2,NA,"Several times a day","About once a day","Several times a day",1,1,1,1,1,81.4018476509846,6,TRUE,TRUE,TRUE
"NZKdcH","f",1530,1543,4.22450376454483,"AI",4,"wheels","spider","wheels",1,1,1,1,1,4,"no experience with coding","Several times a day","Never","Never",1,1,1,1,1,50.7282111976855,4,FALSE,FALSE,TRUE
"P2JCDF","m",1740,1739,4.76112251882272,"Person",1,"spider","wheels","spider",1,0,1,1,0.666666666666667,NA,"no experience with coding",NA,NA,NA,1,1,1,1,1,57.1719761975211,4,NA,NA,NA
NA,NA,NA,3313,9.07049965776865,"AI",1,"spider","wheels","spider",1,1,1,0,0.666666666666667,0,"no experience with coding","About once a week",NA,NA,1,1,1,1,1,108.919354308446,9,NA,NA,FALSE
"P7Md7Y","f",4230,4204,11.5099247091034,"AI",1,"spider","wheels","spider",1,1,1,1,1,NA,"coding class at school","About once a day","About once a day","About once a week",1,1,1,1,1,138.212183976066,11,FALSE,TRUE,NA
"P7Md7Y","f",4230,4204,11.5099247091034,"AI",4,"wheels","spider","spider",1,1,1,1,1,1,"coding class at school,coding apps at home (e.g., Osmo, Scratch, Kodable)","Several times a day","About once a day","About once a week",1,1,1,1,0,138.212183976066,11,FALSE,TRUE,FALSE
"PBLZWN","f",5190,5197,14.2286105407255,"Person",2,"wheels","spider","wheels",1,1,1,1,1,4,"after school programs or camps related to coding,coding apps at home (e.g., Osmo, Scratch, Kodable)","About once a day","Several times a day","Several times a day",1,1,1,1,1,170.858401551764,14,TRUE,TRUE,TRUE
"PcR4BM","m",1980,1982,5.42642026009583,"AI",3,"spider","wheels","spider",1,1,1,1,1,3,"no experience with coding","About once a day",NA,"Several times a day",1,1,1,1,1,65.1609297432357,5,TRUE,NA,TRUE
"PCWHCD","m",4080,4080,11.170431211499,"AI",4,"wheels","spider","spider",1,1,1,1,1,3,"coding class at school","About once a week","About once a day","Several times a day",1,1,1,1,0,134.135516323109,11,TRUE,TRUE,TRUE
"PF76LW","m",5100,5091,13.9383983572895,"AI",2,"wheels","spider","spider",1,1,1,1,1,2,"after school programs or camps related to coding","Several times a day","Several times a day","About once a day",1,1,1,1,0,167.373508235526,13,TRUE,TRUE,TRUE
"PHK3XR","f",2610,2609,7.14305270362765,"Person",2,"wheels","spider","wheels",1,1,1,1,1,2,"no experience with coding","About once a week","About once a day","About once a day",1,1,1,1,1,85.7744024723017,7,TRUE,TRUE,TRUE
"PK2YGJ","m",4200,4201,11.501711156742,"Person",4,"wheels","spider","wheels",1,1,1,1,1,2,"after school programs or camps related to coding","About once a day","About once a day","About once a day",1,1,1,1,1,138.113554919946,11,TRUE,TRUE,TRUE
"PKXKVJ",NA,NA,3179,8.70362765229295,"Person",4,"wheels","spider","wheels",1,1,1,1,1,4,"after school programs or camps related to coding","Several times a day","Several times a day","Several times a day",1,1,1,1,1,104.513923135089,8,TRUE,TRUE,TRUE
"PRPWZF","f",2220,2231,6.10814510609172,"Person",2,"wheels","spider","wheels",1,1,1,1,1,1,"no experience with coding","Several times a day","About once a day","About once a week",1,1,1,1,1,73.3471414011901,6,FALSE,TRUE,FALSE
"ZU2PLS","f",3270,4608,12.6160164271047,"Person",3,"spider","wheels","spider",1,1,1,1,1,NA,NA,NA,NA,NA,1,1,1,1,1,151.494230200217,12,NA,NA,NA
NA,NA,NA,4608,12.6160164271047,"Person",1,"spider","wheels","spider",1,1,1,1,1,NA,NA,"About once a day","Less than once a week",NA,1,1,1,1,1,151.494230200217,12,NA,FALSE,NA
"PWRD2W","f",3240,3252,8.90349075975359,"Person",3,"spider","wheels","spider",1,1,1,1,1,0,"no experience with coding","Several times a day","Never","Never",1,1,1,1,1,106.913896834007,8,FALSE,FALSE,FALSE
NA,NA,NA,1495,4.09308692676249,"Person",2,"wheels","spider","wheels",1,1,0,0,0.333333333333333,NA,NA,"About once a week",NA,NA,1,1,1,1,1,49.1501462997666,4,NA,NA,NA
"PXXPWV","m",2010,2010,5.50308008213552,"Person",4,"wheels","spider","wheels",1,1,1,1,1,NA,NA,"About once a day",NA,"About once a week",1,1,1,1,1,66.081467600355,5,FALSE,NA,NA
"PZ5DPJ","f",1170,1178,3.22518822724162,"AI",3,"spider","wheels","spider",1,0,0,0,0,4,"no experience with coding","Less than once a week","About once a day","About once a day",1,1,1,1,1,38.7283427030937,3,TRUE,TRUE,TRUE
NA,NA,NA,2301,6.29979466119097,"AI",2,"wheels","spider","wheels",1,1,1,1,1,0,"after school programs or camps related to coding,coding apps at home (e.g., Osmo, Scratch, Kodable)","About once a day","Less than once a week",NA,1,1,1,1,1,75.6484860439886,6,NA,FALSE,FALSE
NA,NA,NA,2445,6.69404517453799,"AI",3,"spider","wheels","spider",1,1,1,1,1,1,"no experience with coding","Several times a day","About once a week",NA,1,1,1,1,1,80.3826807377453,6,NA,FALSE,FALSE
"QCPV75","m",4500,4505,12.3340177960301,"AI",2,"wheels","spider","spider",1,1,1,1,1,6,"coding apps at home (e.g., Osmo, Scratch, Kodable)","About once a day","About once a day","About once a day",1,1,1,1,0,148.107965940099,12,TRUE,TRUE,TRUE
NA,NA,NA,4485,12.2792607802875,"Person",4,"wheels","spider","wheels",1,1,1,1,1,NA,NA,"Less than once a week","Less than once a week",NA,1,1,1,1,1,147.4504388993,12,NA,FALSE,NA
"QdRUdL","m",4170,4168,11.4113620807666,"Person",4,"wheels","spider","wheels",1,1,1,1,1,NA,"coding class at school","About once a day","Less than once a week","About once a week",1,1,1,1,1,137.028635302627,11,FALSE,FALSE,NA
"QE3QBc","m",3270,3284,8.99110198494182,"AI",4,"wheels","spider","wheels",1,1,1,1,1,2,"coding class at school","Several times a day","Several times a day","Several times a day",1,1,1,1,1,107.965940099287,8,TRUE,TRUE,TRUE
"QMLL2R","m",1530,1524,4.17248459958932,"Person",3,"spider","wheels","wheels",1,1,1,1,1,2,"no experience with coding","Less than once a week","Less than once a week","Never",1,1,1,1,0,50.1035605089259,4,FALSE,FALSE,TRUE
"QRZ4QE","f",1530,1530,4.18891170431212,"Person",2,"wheels","spider","spider",1,1,1,1,1,1,"no experience with coding","About once a day","Never","Never",1,1,1,1,0,50.3008186211658,4,FALSE,FALSE,FALSE
"QTNWUY",NA,NA,2963,8.11225188227242,"Person",2,"wheels","spider","wheels",1,1,1,1,1,3,"coding apps at home (e.g., Osmo, Scratch, Kodable)","Several times a day","Less than once a week","Several times a day",1,1,1,1,1,97.4126310944538,8,TRUE,FALSE,TRUE
"QVDCEG","f",2760,2768,7.57837097878166,"AI",3,"spider","wheels","spider",1,0,0,0,0,3,"no experience with coding","About once a day","Several times a day","Several times a day",1,1,1,1,1,91.0017424466581,7,TRUE,TRUE,TRUE
"QVSRQC","f",1980,1981,5.42368240930869,"Person",1,"spider","wheels","spider",1,0,0,0,0,NA,"no experience with coding",NA,NA,NA,1,1,1,1,1,65.1280533911957,5,NA,NA,NA
"QZ77BB","m",1500,1515,4.14784394250513,"Person",1,"spider","wheels","wheels",1,1,1,0,0.666666666666667,0,"no experience with coding","About once a week","Never","Never",1,1,1,1,0,49.8076733405661,4,FALSE,FALSE,FALSE
"R27BW6","m",5130,5122,14.0232717316906,"Person",4,"wheels","spider","wheels",1,1,1,1,1,0,"no experience with coding","Several times a day",NA,NA,1,1,1,1,1,168.392675148765,14,NA,NA,FALSE
"RBWAXG","f",2370,2368,6.48323066392882,"AI",2,"wheels","spider","wheels",1,1,1,1,1,3,"coding apps at home (e.g., Osmo, Scratch, Kodable)","Less than once a week","About once a day","Never",1,1,1,1,1,77.8512016306671,6,FALSE,TRUE,TRUE
"Rc27L6","f",5250,5257,14.3928815879535,"AI",3,"spider","wheels","wheels",1,1,1,1,1,2,"no experience with coding","Several times a day","About once a day","About once a day",1,1,1,1,0,172.830982674162,14,TRUE,TRUE,TRUE
"RC5T3R","f",3480,3480,9.52772073921971,"AI",3,"spider","wheels","spider",1,1,1,1,1,NA,"after school programs or camps related to coding,coding apps at home (e.g., Osmo, Scratch, Kodable),no experience with coding",NA,NA,NA,1,1,1,1,1,114.409705099122,9,NA,NA,NA
"RCAU4S","f",1980,1993,5.45653661875428,"AI",2,"wheels","spider","wheels",1,1,1,1,1,1,"no experience with coding","Several times a day","Several times a day","Several times a day",1,1,1,1,1,65.5225696156754,5,TRUE,TRUE,FALSE
"RF7BV6","f",3030,3028,8.290212183436,"AI",4,"wheels","spider","wheels",1,0,1,0,0.333333333333333,5,"no experience with coding","Several times a day","Several times a day","Several times a day",1,1,1,1,1,99.5495939770523,8,TRUE,TRUE,TRUE
NA,NA,NA,5013,13.7248459958932,"AI",1,"spider","wheels","spider",1,1,1,1,1,0,"coding apps at home (e.g., Osmo, Scratch, Kodable)","Several times a day","Less than once a week",NA,1,1,1,1,1,164.809152776408,13,NA,FALSE,FALSE
"RJ5WYZ","f",1290,1288,3.52635181382615,"Person",2,"wheels","spider","spider",1,1,1,1,1,0,"no experience with coding","About once a day","Never","Never",1,1,1,1,0,42.3447414274912,3,FALSE,FALSE,FALSE
"2cLdd2","f",3180,3019,8.26557152635181,"Person",3,"spider","wheels","spider",1,1,1,1,1,2,"no experience with coding","About once a day","About once a week","About once a day",1,1,1,1,1,99.2537068086925,8,TRUE,FALSE,TRUE
"RL56d4","m",3060,3054,8.36139630390144,"Person",1,"spider","wheels","spider",1,1,1,1,1,1,"no experience with coding","Several times a day","Never","About once a week",1,1,1,1,1,100.404379130092,8,FALSE,FALSE,FALSE
"RL5F7C","m",1590,1578,4.32032854209446,"Person",1,"spider","wheels","spider",1,0,0,0,0,4,NA,"About once a day","About once a day","About once a day",1,1,1,1,1,51.8788835190847,4,TRUE,TRUE,TRUE
"RPWSSB",NA,NA,2965,8.11772758384668,"AI",4,"wheels","spider","wheels",1,1,1,0,0.666666666666667,2,"after school programs or camps related to coding","Several times a day",NA,"About once a day",1,1,1,1,1,97.4783837985337,8,TRUE,NA,TRUE
"RTVEE7","m",1560,1572,4.30390143737166,"Person",3,"spider","wheels","wheels",1,0,0,0,0,0,"no experience with coding","About once a day",NA,NA,1,1,1,1,0,51.6816254068449,4,NA,NA,FALSE
"3G522Y","f",2460,2064,5.65092402464066,"AI",4,"wheels","spider","wheels",1,1,1,1,1,NA,NA,NA,NA,NA,1,1,1,1,1,67.8567906105139,5,NA,NA,NA
"SCHcHE","m",3450,3425,9.37713894592745,"AI",2,"wheels","spider","wheels",1,1,1,1,1,2,"coding class at school,coding apps at home (e.g., Osmo, Scratch, Kodable)","Several times a day","Less than once a week","About once a day",1,1,1,1,1,112.601505736923,9,TRUE,FALSE,TRUE
"SCHcHE","m",3450,3425,9.37713894592745,"AI",3,"spider","wheels","spider",1,1,1,1,1,1,"coding class at school,after school programs or camps related to coding,coding apps at home (e.g., Osmo, Scratch, Kodable)","Several times a day","Never","About once a day",1,1,1,1,1,112.601505736923,9,TRUE,FALSE,FALSE
"SCMMCA","f",3150,3147,8.61601642710472,"Person",1,"spider","wheels","spider",1,1,1,1,1,3,"coding apps at home (e.g., Osmo, Scratch, Kodable)","About once a day","About once a day","Several times a day",1,1,1,1,1,103.46187986981,8,TRUE,TRUE,TRUE
"SHWDdD","m",5310,5302,14.5160848733744,"AI",3,"spider","wheels","spider",1,1,1,1,1,0,"no experience with coding","Less than once a week","Never","Never",1,1,1,1,1,174.310418515961,14,FALSE,FALSE,FALSE
"SL5H56","f",4260,4245,11.6221765913758,"AI",4,"wheels","spider","wheels",1,1,1,1,1,4,"coding class at school,after school programs or camps related to coding,coding apps at home (e.g., Osmo, Scratch, Kodable)","Several times a day","About once a day","About once a day",1,1,1,1,1,139.560114409705,11,TRUE,TRUE,TRUE
"SQPHC7","f",2310,2303,6.30527036276523,"Person",4,"wheels","spider","wheels",1,1,1,1,1,0,"coding class at school,coding apps at home (e.g., Osmo, Scratch, Kodable)","About once a day","Never","Never",1,1,1,1,1,75.7142387480685,6,FALSE,FALSE,FALSE
"T7C2LP","f",4950,4943,13.533196440794,"Person",2,"wheels","spider","wheels",1,1,1,1,1,3,"no experience with coding","Several times a day","About once a day","About once a day",1,1,1,1,1,162.507808133609,13,TRUE,TRUE,TRUE
"TDSRAc","f",4770,4766,13.0485968514716,"Person",3,"spider","wheels","spider",1,1,1,1,1,NA,"no experience with coding","About once a day",NA,"About once a week",1,1,1,1,1,156.688693822533,13,FALSE,NA,NA
"THHUXY","f",2790,2778,7.60574948665298,"Person",4,"wheels","spider","wheels",1,1,0,1,0.666666666666667,1,"no experience with coding","Several times a day","About once a week","About once a week",1,1,1,1,1,91.3305059670579,7,FALSE,FALSE,FALSE
"TRMZMN","f",2400,2391,6.54620123203285,"Person",2,"wheels","spider","wheels",1,0,0,0,0,0,"coding class at school","Several times a day","Never","Never",1,1,1,1,1,78.6073577275865,6,FALSE,FALSE,FALSE
"U2YQXC","m",3870,3873,10.6036960985626,"Person",2,"wheels","spider","wheels",1,1,1,1,1,0,"coding class at school,after school programs or camps related to coding","About once a day",NA,NA,1,1,1,1,1,127.330111450833,10,NA,NA,FALSE
"U2YQXC","m",3870,3873,10.6036960985626,"Person",2,"wheels","spider","wheels",1,1,1,1,1,0,"coding class at school,after school programs or camps related to coding","About once a day","Never","Never",1,1,1,1,1,127.330111450833,10,FALSE,FALSE,FALSE
"U32dEc","m",4950,4954,13.5633127994524,"AI",1,"spider","wheels","spider",1,1,1,1,1,3,"after school programs or camps related to coding,coding apps at home (e.g., Osmo, Scratch, Kodable)","Less than once a week","Several times a day","About once a day",1,1,1,1,1,162.869448006049,13,TRUE,TRUE,TRUE
"UAPd65","m",3060,3070,8.40520191649555,"AI",2,"wheels","spider","wheels",1,0,1,1,0.666666666666667,6,"after school programs or camps related to coding,coding apps at home (e.g., Osmo, Scratch, Kodable)","About once a day","Several times a day","Several times a day",1,1,1,1,1,100.930400762731,8,TRUE,TRUE,TRUE
NA,NA,NA,3324,9.1006160164271,"AI",1,"spider","wheels","spider",1,1,1,1,1,2,"no experience with coding","Several times a day","About once a week",NA,1,1,1,1,1,109.280994180886,9,NA,FALSE,TRUE
"UEXRGR","m",3300,3289,9.00479123887748,"AI",2,"wheels","spider","wheels",1,0,0,0,0,NA,NA,"About once a day",NA,NA,1,1,1,1,1,108.130321859486,9,NA,NA,NA
"UFEZMT","f",3870,3861,10.570841889117,"Person",4,"wheels","spider","wheels",1,1,1,1,1,4,"no experience with coding","About once a day","About once a day","About once a day",1,1,1,1,1,126.935595226354,10,TRUE,TRUE,TRUE
"UGcYTS","f",2970,2970,8.13141683778234,"AI",1,"spider","wheels","spider",1,1,1,1,1,1,"no experience with coding","Several times a day","Several times a day","Several times a day",1,1,1,1,1,97.6427655587336,8,TRUE,TRUE,FALSE
"UK5MMG",NA,NA,3720,10.1848049281314,"Person",1,"spider","wheels","spider",1,1,1,0,0.666666666666667,3,"after school programs or camps related to coding","Several times a day","Several times a day","Several times a day",1,1,1,1,1,122.300029588717,10,TRUE,TRUE,TRUE
"UKBcFN","m",4440,4425,12.1149897330595,"AI",3,"spider","wheels","spider",1,1,1,1,1,1,"coding class at school","Several times a day","About once a day",NA,1,1,1,1,1,145.477857776901,12,NA,TRUE,FALSE
NA,NA,NA,3398,9.30321697467488,"Person",2,"wheels","spider","wheels",1,1,1,1,1,NA,NA,"About once a day",NA,NA,1,1,1,1,1,111.713844231844,9,NA,NA,NA
"UPcFPQ","f",1170,1167,3.19507186858316,"AI",2,"wheels","spider","wheels",1,0,1,0,0.333333333333333,1,"no experience with coding","Several times a day","Less than once a week",NA,1,1,1,1,1,38.3667028306539,3,NA,FALSE,FALSE
"UPTL7Y","m",3720,3706,10.1464750171116,"Person",1,"spider","wheels","spider",1,1,1,1,1,1,"no experience with coding","About once a week","Several times a day","Never",1,1,1,1,1,121.839760660157,10,FALSE,TRUE,FALSE
"UQYP3K","f",2160,2164,5.92470910335387,"Person",2,"wheels","spider","spider",1,1,1,1,1,0,"no experience with coding","About once a day","Never","Never",1,1,1,1,0,71.1444258145116,5,FALSE,FALSE,FALSE
"USPAM2","f",4920,4918,13.4647501711157,"Person",1,"spider","wheels","spider",1,1,1,1,1,1,"no experience with coding",NA,NA,NA,1,1,1,1,1,161.68589933261,13,NA,NA,FALSE
"USPAM2","f",4920,4918,13.4647501711157,"Person",2,"wheels","spider","wheels",1,1,1,1,1,1,"no experience with coding","Several times a day","About once a day","About once a day",1,1,1,1,1,161.68589933261,13,TRUE,TRUE,FALSE
"UYRcFH","f",4650,4640,12.703627652293,"AI",2,"wheels","spider","spider",1,1,1,1,1,NA,"coding class at school,coding apps at home (e.g., Osmo, Scratch, Kodable)","Several times a day","Less than once a week","About once a week",1,1,1,1,0,152.546273465496,12,FALSE,FALSE,NA
"UZG2dX","m",2940,2943,8.05749486652977,"Person",2,"wheels","spider","wheels",1,1,1,1,1,2,"no experience with coding","About once a week","Never","About once a day",1,1,1,1,1,96.7551040536542,8,TRUE,FALSE,TRUE
"V3dN5D","m",4890,4881,13.3634496919918,"Person",4,"wheels","spider","wheels",1,1,1,1,1,4,"after school programs or camps related to coding","Several times a day","About once a day","About once a day",1,1,1,1,1,160.469474307131,13,TRUE,TRUE,TRUE
"V5REVB","m",1500,1489,4.0766598220397,"Person",4,"wheels","spider","spider",1,0,0,0,0,0,"no experience with coding","Never","Never","Never",1,1,1,1,0,48.9528881875267,4,FALSE,FALSE,FALSE
NA,NA,NA,2692,7.37029431895962,"AI",2,"wheels","spider","wheels",1,1,1,1,1,0,"coding apps at home (e.g., Osmo, Scratch, Kodable)","About once a day","Less than once a week",NA,1,1,1,1,1,88.5031396916198,7,NA,FALSE,FALSE
NA,NA,NA,3467,9.492128678987,"AI",4,"wheels","spider","wheels",1,0,0,0,0,NA,NA,"Less than once a week",NA,NA,1,1,1,1,1,113.982312522602,9,NA,NA,NA
NA,NA,NA,2928,8.01642710472279,"AI",3,"spider","wheels","spider",1,1,1,1,1,1,"coding class at school,coding apps at home (e.g., Osmo, Scratch, Kodable)","Less than once a week","Less than once a week",NA,1,1,1,1,1,96.2619587730545,8,NA,FALSE,FALSE
"VB2XLF","m",4110,4100,11.2251882272416,"AI",1,"spider","wheels","spider",1,1,1,1,1,NA,NA,"Several times a day",NA,"About once a week",1,1,1,1,1,134.793043363908,11,FALSE,NA,NA
"Vc73T7","m",4110,4112,11.2580424366872,"Person",3,"spider","wheels","spider",1,1,1,1,1,8,"no experience with coding","Several times a day","Several times a day","Several times a day",1,1,1,1,1,135.187559588388,11,TRUE,TRUE,TRUE
"VdM6UX","m",2880,2886,7.90143737166324,"Person",4,"wheels","spider","wheels",1,1,1,1,1,1,NA,"About once a day","Never","About once a day",1,1,1,1,1,94.8811519873755,7,TRUE,FALSE,FALSE
"VEYGC2","m",3840,3825,10.4722792607803,"AI",1,"spider","wheels","spider",1,1,1,1,1,1,"after school programs or camps related to coding","Several times a day",NA,"About once a day",1,1,1,1,1,125.752046552914,10,TRUE,NA,FALSE
NA,NA,NA,3473,9.50855578370979,"Person",2,"wheels","spider","wheels",1,1,1,1,1,3,"no experience with coding","Several times a day",NA,NA,1,1,1,1,1,114.179570634842,9,NA,NA,TRUE
"VGYA6F",NA,NA,3242,8.87611225188227,"Person",2,"wheels","spider","wheels",1,1,1,0,0.666666666666667,3,"coding apps at home (e.g., Osmo, Scratch, Kodable)","About once a day","Several times a day","Several times a day",1,1,1,1,1,106.585133313608,8,TRUE,TRUE,TRUE
"VHTSRV","m",3390,3378,9.24845995893224,"AI",3,"spider","wheels","spider",1,1,1,1,1,4,NA,"About once a day","About once a day","About once a day",1,1,1,1,1,111.056317191044,9,TRUE,TRUE,TRUE
"VJ5H2T","o",5160,5175,14.1683778234086,"AI",4,"wheels","spider","spider",1,1,1,1,1,0,"no experience with coding","About once a day","Less than once a week","About once a day",1,1,1,1,0,170.135121806884,14,TRUE,FALSE,FALSE
NA,NA,NA,4364,11.9479808350445,"Person",4,"wheels","spider","wheels",1,1,1,1,1,4,"coding class at school,coding apps at home (e.g., Osmo, Scratch, Kodable)","Several times a day","About once a week",NA,1,1,1,1,1,143.472400302462,11,NA,FALSE,TRUE
"VR4LYE","m",4500,4510,12.3477070499658,"Person",2,"wheels","spider","wheels",1,1,1,1,1,NA,"coding class at school","About once a day","Never","About once a week",1,1,1,1,1,148.272347700299,12,FALSE,FALSE,NA
"VRHSL4","f",3450,3452,9.45106091718001,"AI",1,"spider","wheels","spider",1,1,1,1,1,NA,NA,"Several times a day",NA,"About once a week",1,1,1,1,1,113.489167242003,9,FALSE,NA,NA
"VRRTXM","f",3540,3545,9.7056810403833,"AI",1,"spider","wheels","spider",1,1,1,1,1,0,"coding apps at home (e.g., Osmo, Scratch, Kodable)","About once a week","Never","Never",1,1,1,1,1,116.546667981721,9,FALSE,FALSE,FALSE
"VX7XXc","m",5040,5055,13.8398357289528,"Person",1,"spider","wheels","spider",1,1,1,1,1,5,"coding class at school,coding apps at home (e.g., Osmo, Scratch, Kodable)","Several times a day","About once a day","About once a day",1,1,1,1,1,166.189959562087,13,TRUE,TRUE,TRUE
"VZ53KA","f",4110,4123,11.2881587953457,"Person",4,"wheels","spider","wheels",1,1,1,1,1,4,"after school programs or camps related to coding,coding apps at home (e.g., Osmo, Scratch, Kodable)","About once a day","Several times a day","Several times a day",1,1,1,1,1,135.549199460828,11,TRUE,TRUE,TRUE
"W3c3ZK","m",5580,5583,15.2854209445585,"AI",2,"wheels","spider","spider",1,1,1,1,1,NA,"coding class at school",NA,NA,NA,1,1,1,1,0,183.548673439195,15,NA,NA,NA
"W575AK","f",2790,2793,7.64681724845996,"AI",4,"wheels","spider","wheels",1,1,1,1,1,2,"no experience with coding","About once a day","About once a day","About once a day",1,1,1,1,1,91.8236512476576,7,TRUE,TRUE,TRUE
"WDETH6","m",2670,2665,7.29637234770705,"Person",4,"wheels","spider","wheels",1,1,1,1,1,1,"no experience with coding","About once a week","Several times a day","Several times a day",1,1,1,1,1,87.6154781865404,7,TRUE,TRUE,FALSE
NA,NA,NA,3998,10.9459274469541,"AI",2,"wheels","spider","wheels",1,1,1,1,1,1,"coding class at school,after school programs or camps related to coding,coding apps at home (e.g., Osmo, Scratch, Kodable)","About once a day","Less than once a week",NA,1,1,1,1,1,131.439655455831,10,NA,FALSE,FALSE
"WDY6c7","f",2550,2556,6.99794661190965,"Person",3,"spider","wheels","spider",1,1,1,1,1,2,"no experience with coding","Several times a day","About once a day","About once a day",1,1,1,1,1,84.0319558141829,6,TRUE,TRUE,TRUE
NA,NA,NA,1905,5.21560574948665,"Person",4,"wheels","spider","spider",1,1,1,0,0.666666666666667,3,"no experience with coding","About once a week","About once a week",NA,1,1,1,1,0,62.6294506361574,5,NA,FALSE,TRUE
"WMJVGR","m",3000,3001,8.21629021218344,"Person",3,"spider","wheels","spider",1,1,1,0,0.666666666666667,2,"no experience with coding","Never","Less than once a week","Never",1,1,1,1,1,98.6619324719729,8,FALSE,FALSE,TRUE
"WPK4FZ","m",2760,2764,7.56741957563313,"AI",4,"wheels","spider","wheels",1,0,0,1,0.333333333333333,1,"no experience with coding","About once a day","About once a day","Several times a day",1,1,1,1,1,90.8702370384982,7,TRUE,TRUE,FALSE
"WQGT5Y","m",1200,1200,3.28542094455852,"AI",1,"spider","wheels","wheels",1,0,0,0,0,0,"no experience with coding","About once a week","Never","Never",1,1,1,1,0,39.4516224479732,3,FALSE,FALSE,FALSE
"WQU6QW","f",5190,5181,14.1848049281314,"AI",3,"spider","wheels","wheels",1,1,1,1,1,6,"after school programs or camps related to coding,coding apps at home (e.g., Osmo, Scratch, Kodable)","About once a week","About once a day","About once a day",1,1,1,1,0,170.332379919124,14,TRUE,TRUE,TRUE
"WUBBEK","m",2640,2652,7.26078028747433,"Person",3,"spider","wheels","spider",1,1,0,1,0.666666666666667,3,"no experience with coding","About once a week","Never","Never",1,1,1,1,1,87.1880856100207,7,FALSE,FALSE,TRUE
"WUCdQ6","m",4830,4825,13.2101300479124,"Person",3,"spider","wheels","spider",1,1,1,1,1,12,"coding class at school","About once a day","Several times a day","Several times a day",1,1,1,1,1,158.628398592892,13,TRUE,TRUE,TRUE
"WYSHT3","m",4980,4971,13.6098562628337,"AI",4,"wheels","spider","wheels",1,1,1,1,1,1,"coding apps at home (e.g., Osmo, Scratch, Kodable)","About once a day","About once a week","About once a week",1,1,1,1,1,163.428345990729,13,FALSE,FALSE,FALSE
"X3U2KL","m",3300,3302,9.0403832991102,"AI",4,"wheels","spider","spider",1,1,1,1,1,2,"after school programs or camps related to coding,coding apps at home (e.g., Osmo, Scratch, Kodable)","Several times a day","About once a day",NA,1,1,1,1,0,108.557714436006,9,NA,TRUE,TRUE
"XAVQXc","f",2100,2106,5.7659137577002,"Person",1,"spider","wheels","wheels",1,0,0,1,0.333333333333333,1,"no experience with coding","Less than once a week","Never","Never",1,1,1,1,0,69.2375973961929,5,FALSE,FALSE,FALSE
"XC7SMU","m",4050,4044,11.0718685831622,"Person",4,"wheels","spider","wheels",1,1,1,1,1,4,"after school programs or camps related to coding","About once a day","About once a day","About once a day",1,1,1,1,1,132.95196764967,11,TRUE,TRUE,TRUE
"Xd7JWC","m",2010,2006,5.492128678987,"Person",1,"spider","wheels","spider",1,1,1,1,1,3,"no experience with coding","About once a day","About once a week","About once a day",1,1,1,1,1,65.9499621921951,5,TRUE,FALSE,TRUE
"XdAMGC","f",2550,2537,6.94592744695414,"Person",2,"wheels","spider","wheels",1,1,1,1,1,3,"no experience with coding","About once a day","About once a day","About once a day",1,1,1,1,1,83.4073051254233,6,TRUE,TRUE,TRUE
"XEKPSB","f",1980,1981,5.42368240930869,"AI",2,"wheels","spider","wheels",1,1,1,1,1,NA,NA,NA,NA,NA,1,1,1,1,1,65.1280533911957,5,NA,NA,NA
NA,NA,NA,2403,6.57905544147844,"AI",2,"wheels","spider","wheels",1,1,1,1,1,0,"no experience with coding","Less than once a week",NA,NA,1,1,1,1,1,79.0018739520663,6,NA,NA,FALSE
NA,NA,NA,4178,11.4387405886379,"Person",1,"spider","wheels","spider",1,0,0,0,0,0,"coding apps at home (e.g., Osmo, Scratch, Kodable)","About once a day","Less than once a week",NA,1,1,1,1,1,137.357398823027,11,NA,FALSE,FALSE
"XNAGCD","f",2310,2297,6.28884325804244,"Person",3,"spider","wheels","spider",1,0,0,0,0,2,"no experience with coding","Several times a day","Less than once a week","Never",1,1,1,1,1,75.5169806358286,6,FALSE,FALSE,TRUE
"XQc656","m",2490,2491,6.81998631074606,"Person",1,"spider","wheels","spider",1,1,1,1,1,1,"no experience with coding","About once a day","Never","Never",1,1,1,1,1,81.8949929315843,6,FALSE,FALSE,FALSE
"XQJNFQ","m",3510,3503,9.59069130732375,"Person",4,"wheels","spider","wheels",1,1,1,1,1,2,"coding class at school","Never","About once a week",NA,1,1,1,1,1,115.165861196042,9,NA,FALSE,TRUE
"XQS345","f",1140,1153,3.15674195756331,"Person",2,"wheels","spider","spider",1,0,1,0,0.333333333333333,0,"no experience with coding","About once a day","Never","About once a week",1,1,1,1,0,37.9064339020942,3,FALSE,FALSE,FALSE
"XS57KJ","m",2190,2181,5.97125256673511,"AI",4,"wheels","spider","wheels",1,1,1,1,1,3,"no experience with coding","Several times a day","About once a week","About once a week",1,1,1,1,1,71.7033237991912,5,FALSE,FALSE,TRUE
NA,NA,NA,2469,6.75975359342916,"Person",1,"spider","wheels","spider",1,1,1,1,1,0,"no experience with coding","Several times a day","Never",NA,1,1,1,1,1,81.1717131867048,6,NA,FALSE,FALSE
"XYX3RT","m",4680,4679,12.8104038329911,"Person",1,"spider","wheels","spider",1,1,1,1,1,0,"coding apps at home (e.g., Osmo, Scratch, Kodable)","Several times a day","Less than once a week","About once a day",1,1,1,1,1,153.828451195055,12,TRUE,FALSE,FALSE
"Y2M3FQ","f",4230,4226,11.5701574264203,"Person",4,"wheels","spider","wheels",1,1,1,1,1,NA,"no experience with coding","Several times a day","About once a day","About once a day",1,1,1,1,1,138.935463720946,11,TRUE,TRUE,NA
"Y324M2","m",4710,4710,12.8952772073922,"Person",3,"spider","wheels","wheels",1,1,1,1,1,NA,NA,"About once a day",NA,"Several times a day",1,1,1,1,0,154.847618108295,12,TRUE,NA,NA
"Y4MHXV","m",2160,2164,5.92470910335387,"Person",4,"wheels","spider","wheels",1,1,1,1,1,NA,NA,NA,NA,NA,1,1,1,1,1,71.1444258145116,5,NA,NA,NA
"Y5C3MY","m",2880,2874,7.86858316221766,"Person",2,"wheels","spider","wheels",1,1,1,1,1,6,"coding class at school","About once a week","About once a day","Several times a day",1,1,1,1,1,94.4866357628957,7,TRUE,TRUE,TRUE
"YAEUF5","m",5670,5681,15.5537303216975,"Person",2,"wheels","spider","wheels",1,1,1,1,1,1,"coding class at school","Several times a day","Never","About once a week",1,1,1,1,1,186.770555939113,15,FALSE,FALSE,FALSE
"YFE323","m",2040,2052,5.61806981519507,"AI",1,"spider","wheels","spider",1,1,1,1,1,4,"no experience with coding","About once a week","About once a week",NA,1,1,1,1,1,67.4622743860341,5,NA,FALSE,TRUE
"YFLMKE","m",2490,2486,6.8062970568104,"AI",2,"wheels","spider","wheels",1,1,1,1,1,2,"no experience with coding","About once a week","About once a day","About once a day",1,1,1,1,1,81.7306111713844,6,TRUE,TRUE,TRUE
"YHGER6","f",3660,3660,10.0205338809035,"Person",4,"wheels","spider","wheels",1,1,1,1,1,0,"coding class at school","Several times a day",NA,"Several times a day",1,1,1,1,1,120.327448466318,10,TRUE,NA,FALSE
NA,NA,NA,4177,11.4360027378508,"Person",2,"wheels","spider","wheels",1,1,1,1,1,0,"no experience with coding","Several times a day","Never",NA,1,1,1,1,1,137.324522470987,11,NA,FALSE,FALSE
NA,NA,NA,4027,11.025325119781,"Person",4,"wheels","spider","wheels",1,1,1,1,1,3,"coding class at school,coding apps at home (e.g., Osmo, Scratch, Kodable)","About once a day","About once a week",NA,1,1,1,1,1,132.39306966499,11,NA,FALSE,TRUE
"YLAdC4","f",1830,1838,5.0321697467488,"Person",1,"spider","wheels","spider",1,1,1,1,1,1,"no experience with coding","About once a week","Never","Never",1,1,1,1,1,60.4267350494789,5,FALSE,FALSE,FALSE
"YM2G5C","f",1380,1370,3.75085557837098,"Person",2,"wheels","spider","spider",1,0,0,0,0,1,"no experience with coding","About once a week",NA,NA,1,1,1,1,0,45.0406022947694,3,NA,NA,FALSE
NA,NA,NA,1638,4.48459958932238,"AI",4,"wheels","spider","wheels",1,0,0,0,0,NA,NA,"Less than once a week",NA,NA,1,1,1,1,1,53.8514646414834,4,NA,NA,NA
"YPMRcS","f",1710,1715,4.69541409993155,"AI",2,"wheels","spider","wheels",1,1,0,0,0.333333333333333,0,"no experience with coding","About once a day","Never","Never",1,1,1,1,1,56.3829437485617,4,FALSE,FALSE,FALSE
"YPNJKP","f",1740,1734,4.74743326488706,"Person",1,"spider","wheels","spider",1,1,1,1,1,1,"no experience with coding","About once a week","About once a week","About once a week",1,1,1,1,1,57.0075944373212,4,FALSE,FALSE,FALSE
"YQXHAZ","m",1260,1266,3.46611909650924,"Person",2,"wheels","spider","wheels",1,0,0,1,0.333333333333333,0,"no experience with coding",NA,NA,NA,1,1,1,1,1,41.6214616826117,3,NA,NA,FALSE
NA,NA,NA,4521,12.3778234086242,"Person",4,"wheels","spider","wheels",1,1,1,1,1,NA,"coding class at school,coding apps at home (e.g., Osmo, Scratch, Kodable)","Several times a day",NA,NA,1,1,1,1,1,148.633987572739,12,NA,NA,NA
"Z46DHN","m",4140,4138,11.3292265571526,"AI",4,"wheels","spider","wheels",1,1,1,1,1,5,"no experience with coding","About once a day","Several times a day","Several times a day",1,1,1,1,1,136.042344741427,11,TRUE,TRUE,TRUE
"Z6D7dB","f",2220,2228,6.09993155373032,"Person",3,"spider","wheels","spider",1,1,1,1,1,0,"no experience with coding","About once a week",NA,NA,1,1,1,1,1,73.2485123450702,6,NA,NA,FALSE
"Z6JWFD","m",3000,2986,8.17522245037645,"AI",4,"wheels","spider","wheels",1,0,0,0,0,NA,"no experience with coding","About once a day",NA,NA,1,1,1,1,1,98.1687871913732,8,NA,NA,NA
"ZADALH","f",3630,3630,9.93839835728953,"AI",4,"wheels","spider","wheels",1,1,1,1,1,1,"coding class at school,coding apps at home (e.g., Osmo, Scratch, Kodable)","About once a day","About once a day","About once a day",1,1,1,1,1,119.341157905119,9,TRUE,TRUE,FALSE
"ZALG7S","f",3570,3583,9.80971937029432,"Person",2,"wheels","spider","wheels",1,0,0,0,0,1,"no experience with coding","About once a day","Never","Never",1,1,1,1,1,117.79596935924,9,FALSE,FALSE,FALSE
"ZdWJU6","f",1200,1209,3.31006160164271,"Person",4,"wheels","spider","wheels",1,0,0,0,0,4,"no experience with coding","About once a week","Several times a day","Several times a day",1,1,1,1,1,39.747509616333,3,TRUE,TRUE,TRUE
"ZEYSWL","f",1560,1555,4.25735797399042,"AI",1,"spider","wheels","spider",1,0,0,0,0,0,"no experience with coding","About once a week","Never","Never",1,1,1,1,1,51.1227274221652,4,FALSE,FALSE,FALSE
NA,NA,NA,1100,3.01163586584531,"Person",1,"spider","wheels","spider",1,0,0,1,0.333333333333333,NA,"no experience with coding","Less than once a week","Less than once a week",NA,1,1,1,1,1,36.1639872439754,3,NA,FALSE,NA
"ZPAG2A","f",2400,2397,6.56262833675565,"Person",3,"spider","wheels","spider",1,1,1,1,1,2,"no experience with coding","Several times a day","About once a week","Never",1,1,1,1,1,78.8046158398264,6,FALSE,FALSE,TRUE
"ZPHDLT",NA,NA,3055,8.36413415468857,"Person",3,"spider","wheels","spider",1,1,1,0,0.666666666666667,NA,NA,"Several times a day","About once a week","Several times a day",1,1,1,1,1,100.437255482132,8,TRUE,FALSE,NA
"ZQ3TTU","m",4710,4721,12.9253935660506,"AI",1,"spider","wheels","spider",1,1,1,1,1,NA,"coding class at school","Several times a day",NA,"About once a day",1,1,1,1,1,155.209257980734,12,TRUE,NA,NA
"MATGdB","f",3150,3284,8.99110198494182,"Person",3,"spider","wheels","spider",1,1,1,1,1,NA,NA,NA,NA,NA,1,1,1,1,1,107.965940099287,8,NA,NA,NA
"ZYPLRK",NA,NA,3658,10.0150581793292,"AI",1,"spider","wheels","spider",1,1,1,0,0.666666666666667,3,"coding apps at home (e.g., Osmo, Scratch, Kodable)","Several times a day","Several times a day","Several times a day",1,1,1,1,1,120.261695762238,10,TRUE,TRUE,TRUE
